"filing_year","area","eviction_filings_total","eviction_filings_rate","eviction_filings_sealed","eviction_filings_unclear","eviction_filings_completed","case_type_single_action","case_type_joint_action","back_rent_median","back_rent_0","back_rent_1_to_999","back_rent_1000_to_2499","back_rent_2500_to_4999","back_rent_5000_or_more","landlord_prose","landlord_represented","tenant_prose","tenant_represented","tenant_rep_pa","tenant_rep_laa","eviction_order_yes","eviction_order_no","eviction_order_yes_tenant_prose","eviction_order_no_tenant_prose","eviction_order_yes_tenant_represented","eviction_order_no_tenant_represented","eviction_order_yes_tenant_rep_pa","eviction_order_no_tenant_rep_pa","eviction_order_yes_tenant_rep_laa","eviction_order_no_tenant_rep_laa","ftu_eviction_order","ftu_other_outcome","ftu_no_outcome","ftu_eviction_order_tenant_prose","ftu_other_outcome_tenant_prose","ftu_no_outcome_tenant_prose","ftu_eviction_order_tenant_represented","ftu_other_outcome_tenant_represented","ftu_no_outcome_tenant_represented","default_eviction_order_yes","default_eviction_order_no","default_eviction_order_yes_tenant_prose","default_eviction_order_no_tenant_prose","default_eviction_order_yes_tenant_represented","default_eviction_order_no_tenant_represented"
2010,1,704,3.820,8,10,686,78,608,2199.640,75,74,291,191,55,86,600,620,66,51,15,443,243,410,210,33,33,31,20,2,13,280,66,340,277,64,279,3,2,61,106,580,105,515,1,65
2010,2,490,3.930,38,3,449,74,375,2598.700,73,41,139,128,68,71,378,400,49,45,4,295,154,266,134,29,20,27,18,2,2,189,34,226,183,34,183,6,0,43,79,370,76,324,3,46
2010,3,535,2.440,3,1,531,64,467,1880,64,132,168,122,45,25,506,476,55,31,24,323,208,301,175,22,33,19,12,3,21,201,59,271,200,58,218,1,1,53,82,449,80,396,2,53
2010,4,168,1.490,10,2,156,25,131,2355,25,17,56,45,13,16,140,141,15,12,3,90,66,84,57,6,9,5,7,1,2,52,14,90,52,14,75,0,0,15,28,128,28,113,0,15
2010,5,63,0.850,2,1,60,12,48,2255,12,9,18,14,7,8,52,52,8,6,2,36,24,32,20,4,4,4,2,0,2,22,6,32,21,6,25,1,0,7,8,52,8,44,0,8
2010,6,569,1.620,6,8,555,45,510,1900,44,95,218,140,58,20,535,500,55,48,7,285,270,259,241,26,29,25,23,1,6,169,89,297,164,88,248,5,1,49,95,460,93,407,2,53
2010,7,251,1.380,6,2,243,33,210,2408.440,31,20,89,61,42,14,229,210,33,22,11,111,132,101,109,10,23,10,12,0,11,63,38,142,61,37,112,2,1,30,39,204,37,173,2,31
2010,8,1051,3.820,13,7,1031,121,910,2604.950,114,120,316,282,199,23,1008,913,118,83,35,516,515,468,445,48,70,41,42,7,28,274,156,601,267,153,493,7,3,108,198,833,192,721,6,112
2010,9,17,1.870,1,0,16,4,12,2499,4,1,5,3,3,2,14,15,1,1,0,5,11,5,10,0,1,0,1,0,0,4,4,8,4,4,7,0,0,1,1,15,1,14,0,1
2010,10,64,1.840,3,0,61,5,56,2487.080,4,7,22,16,12,12,49,54,7,7,0,44,17,42,12,2,5,2,5,0,0,25,3,33,25,3,26,0,0,7,11,50,11,43,0,7
2010,11,68,2.180,6,0,62,7,55,2500,7,5,22,22,6,21,41,58,4,4,0,41,21,39,19,2,2,2,2,0,0,27,6,29,26,6,26,1,0,3,14,48,14,44,0,4
2010,12,28,2.860,1,0,27,8,19,2200,8,3,8,6,2,3,24,25,2,2,0,20,7,18,7,2,0,2,0,0,0,12,0,15,12,0,13,0,0,2,1,26,1,24,0,2
2010,13,54,1.820,7,0,47,15,32,3435,15,1,9,15,7,10,37,41,6,6,0,23,24,21,20,2,4,2,4,0,0,13,3,31,13,3,25,0,0,6,4,43,4,37,0,6
2010,14,179,1.660,13,3,163,32,131,2240.160,28,19,56,50,10,22,141,137,26,17,9,101,62,88,49,13,13,10,7,3,6,56,12,95,55,12,70,1,0,25,23,140,23,114,0,26
2010,15,279,2.650,34,4,241,64,177,2017.500,59,21,96,54,11,65,176,217,24,18,6,151,90,140,77,11,13,9,9,2,4,90,16,135,88,16,113,2,0,22,26,215,25,192,1,23
2010,16,250,2.360,11,5,234,40,194,1900,38,30,99,53,14,52,182,205,29,22,7,156,78,139,66,17,12,16,6,1,6,98,19,117,96,19,90,2,0,27,33,201,31,174,2,27
2010,17,98,2.860,10,3,85,21,64,2641.580,22,7,20,23,13,28,57,73,12,11,1,48,37,39,34,9,3,8,3,1,0,25,3,57,25,3,45,0,0,12,11,74,11,62,0,12
2010,18,47,2.630,5,3,39,10,29,2100,10,5,12,9,3,11,28,31,8,4,4,26,13,23,8,3,5,2,2,1,3,18,3,18,18,3,10,0,0,8,6,33,6,25,0,8
2010,19,376,3.220,50,4,322,95,227,2000,95,40,106,60,21,132,190,281,41,31,10,198,124,174,107,24,17,22,9,2,8,121,34,167,117,33,131,4,1,36,32,290,29,252,3,38
2010,20,122,3.120,9,1,112,34,78,1805,32,15,37,15,13,39,73,99,13,11,2,61,51,52,47,9,4,8,3,1,1,36,9,67,35,9,55,1,0,12,15,97,14,85,1,12
2010,21,228,2.960,9,3,216,45,171,2284.910,45,26,66,60,19,65,151,184,32,28,4,139,77,120,64,19,13,18,10,1,3,87,20,109,85,20,79,2,0,30,37,179,37,147,0,32
2010,22,359,1.840,11,2,346,69,277,2175,68,48,121,69,40,83,263,307,39,29,10,225,121,203,104,22,17,19,10,3,7,155,35,156,150,35,122,5,0,34,53,293,51,256,2,37
2010,23,644,5.260,44,7,593,158,435,1800,155,91,210,106,31,258,335,540,53,38,15,376,217,349,191,27,26,25,13,2,13,246,48,299,242,46,252,4,2,47,60,533,57,483,3,50
2010,24,513,2.190,31,3,479,109,370,2400,107,53,140,120,59,117,362,408,71,49,22,268,211,245,163,23,48,22,27,1,21,152,46,281,146,45,217,6,1,64,67,412,65,343,2,69
2010,25,1467,6.640,69,20,1378,288,1090,1855,286,233,496,276,87,525,853,1252,126,101,25,880,498,822,430,58,68,53,48,5,20,547,126,705,541,124,587,6,2,118,222,1156,213,1039,9,117
2010,26,299,6.120,22,0,277,52,225,1670,53,45,118,45,16,128,149,246,31,18,13,180,97,169,77,11,20,10,8,1,12,108,30,139,106,29,111,2,1,28,37,240,37,209,0,31
2010,27,343,6.580,21,2,320,70,250,1800,68,57,120,53,22,106,214,281,39,23,16,199,121,185,96,14,25,11,12,3,13,114,36,170,113,36,132,1,0,38,31,289,29,252,2,37
2010,28,682,4.550,12,2,668,101,567,2240.090,101,156,149,152,110,24,644,586,82,45,37,321,347,301,285,20,62,16,29,4,33,187,92,389,186,91,309,1,1,80,92,576,90,496,2,80
2010,29,514,5.750,33,4,477,119,358,1800,117,73,163,87,37,218,259,420,57,34,23,294,183,269,151,25,32,19,15,6,17,187,47,243,185,47,188,2,0,55,55,422,53,367,2,55
2010,30,296,2.700,14,2,280,88,192,1579.710,91,44,91,46,8,136,144,256,24,17,7,162,118,152,104,10,14,8,9,2,5,98,30,152,98,30,128,0,0,24,33,247,33,223,0,24
2010,31,173,1.920,11,0,162,54,108,1570,52,26,54,23,7,74,88,144,18,14,4,83,79,74,70,9,9,8,6,1,3,52,19,91,51,19,74,1,0,17,17,145,17,127,0,18
2010,32,458,6.810,4,8,446,12,434,3323.890,10,19,125,176,116,12,434,400,46,44,2,229,217,205,195,24,22,22,22,2,0,105,70,271,103,70,227,2,0,44,95,351,90,310,5,41
2010,33,374,7.160,1,3,370,24,346,2620.410,22,44,125,117,62,18,352,334,36,24,12,203,167,192,142,11,25,9,15,2,10,96,48,226,95,48,191,1,0,35,78,292,74,260,4,32
2010,34,38,1.120,0,0,38,8,30,1200,8,14,7,8,1,5,33,35,3,1,2,15,23,15,20,0,3,0,1,0,2,10,9,19,10,9,16,0,0,3,1,37,1,34,0,3
2010,35,415,5.040,4,0,411,42,369,1200,38,156,115,65,37,14,397,371,40,25,15,186,225,169,202,17,23,16,9,1,14,127,100,184,125,99,147,2,1,37,62,349,59,312,3,37
2010,36,170,8.220,2,4,164,27,137,1734.640,27,34,62,26,15,4,160,137,27,14,13,99,65,91,46,8,19,6,8,2,11,61,21,82,60,21,56,1,0,26,15,149,13,124,2,25
2010,37,40,4.460,3,1,36,9,27,1200,9,13,12,2,0,17,19,32,4,3,1,20,16,19,13,1,3,0,3,1,0,9,3,24,9,3,20,0,0,4,7,29,6,26,1,3
2010,38,530,7.230,25,1,504,93,411,1900,85,120,150,107,42,64,440,439,65,45,20,291,213,265,174,26,39,20,25,6,14,182,68,254,177,68,194,5,0,60,79,425,76,363,3,62
2010,39,466,7.180,12,2,452,33,419,1545.500,30,133,153,76,60,19,433,401,51,39,12,233,219,212,189,21,30,21,18,0,12,141,89,222,140,89,172,1,0,50,59,393,57,344,2,49
2010,40,332,9.440,10,5,317,61,256,1784.930,62,66,96,67,26,54,263,291,26,15,11,198,119,188,103,10,16,8,7,2,9,118,32,167,116,32,143,2,0,24,42,275,42,249,0,26
2010,41,328,3.690,4,1,323,25,298,1664.670,24,74,119,74,32,21,302,293,30,26,4,157,166,140,153,17,13,17,9,0,4,99,50,174,94,50,149,5,0,25,46,277,43,250,3,27
2010,42,433,5.480,28,2,403,80,323,1629,78,91,138,66,30,116,287,366,37,21,16,245,158,234,132,11,26,6,15,5,11,150,36,217,149,36,181,1,0,36,56,347,55,311,1,36
2010,43,1741,8.040,46,10,1685,295,1390,1994,290,249,655,371,120,243,1442,1537,148,112,36,1121,564,1046,491,75,73,63,49,12,24,758,145,782,741,142,654,17,3,128,279,1406,272,1265,7,141
2010,44,636,6.140,21,5,610,170,440,1800,167,76,240,96,31,122,488,558,52,40,12,416,194,393,165,23,29,22,18,1,11,279,41,290,274,40,244,5,1,46,77,533,75,483,2,50
2010,45,79,5.500,8,2,69,18,51,2475,18,7,19,17,8,22,47,62,7,7,0,44,25,42,20,2,5,2,5,0,0,26,7,36,26,7,29,0,0,7,8,61,8,54,0,7
2010,46,486,6.400,33,3,450,125,325,1905,120,56,157,82,35,193,257,398,52,37,15,318,132,293,105,25,27,18,19,7,8,183,31,236,179,30,189,4,1,47,55,395,53,345,2,50
2010,47,20,3.770,0,1,19,5,14,2159.500,5,2,7,3,2,11,8,17,2,2,0,9,10,8,9,1,1,1,1,0,0,7,4,8,7,4,6,0,0,2,1,18,1,16,0,2
2010,48,62,4.170,5,2,55,16,39,2856,16,4,13,12,10,26,29,45,10,9,1,35,20,30,15,5,5,5,4,0,1,20,7,28,19,7,19,1,0,9,9,46,8,37,1,9
2010,49,526,7.460,25,3,498,81,417,1629.620,78,50,267,71,32,177,321,447,51,33,18,310,188,286,161,24,27,20,13,4,14,230,52,216,223,52,172,7,0,44,75,423,75,372,0,51
2010,50,127,7.510,3,1,123,10,113,589.500,10,79,19,10,5,27,96,116,7,4,3,57,66,55,61,2,5,2,2,0,3,35,27,61,34,27,55,1,0,6,7,116,7,109,0,7
2010,51,136,7.320,6,1,129,27,102,434.660,26,70,23,7,3,26,103,114,15,5,10,74,55,70,44,4,11,3,2,1,9,53,18,58,53,18,43,0,0,15,16,113,16,98,0,15
2010,52,49,2.270,3,1,45,13,32,2137.500,13,3,18,7,4,21,24,43,2,1,1,32,13,32,11,0,2,0,1,0,1,21,1,23,21,1,21,0,0,2,8,37,8,35,0,2
2010,53,240,6.050,19,4,217,53,164,1657,53,32,80,35,17,115,102,183,34,28,6,130,87,118,65,12,22,12,16,0,6,75,15,127,73,15,95,2,0,32,17,200,17,166,0,34
2010,54,184,9.470,2,2,180,32,148,522.160,32,118,17,12,1,6,174,166,14,4,10,60,120,59,107,1,13,1,3,0,10,44,74,62,44,74,48,0,0,14,12,168,12,154,0,14
2010,55,26,2.570,1,0,25,1,24,1805,1,10,3,8,3,8,17,22,3,3,0,15,10,14,8,1,2,1,2,0,0,7,3,15,7,3,12,0,0,3,7,18,6,16,1,2
2010,56,80,3.670,5,0,75,25,50,1950,24,10,21,12,8,28,47,67,8,5,3,45,30,43,24,2,6,2,3,0,3,24,4,47,24,4,39,0,0,8,6,69,6,61,0,8
2010,57,45,3.310,2,0,43,5,38,2000,4,6,17,15,1,16,27,38,5,5,0,23,20,21,17,2,3,2,3,0,0,14,6,23,14,6,18,0,0,5,3,40,3,35,0,5
2010,58,183,2.720,12,2,169,57,112,1800,54,22,55,27,11,93,76,148,21,15,6,109,60,98,50,11,10,10,5,1,5,66,16,87,65,16,67,1,0,20,20,149,20,128,0,21
2010,59,61,2.640,3,0,58,11,47,1850,11,11,27,5,4,32,26,52,6,4,2,33,25,31,21,2,4,2,2,0,2,17,8,33,17,8,27,0,0,6,5,53,5,47,0,6
2010,60,164,2.470,6,3,155,29,126,2300,29,16,53,42,15,56,99,142,13,11,2,99,56,95,47,4,9,3,8,1,1,60,13,82,59,13,70,1,0,12,21,134,21,121,0,13
2010,61,391,4.950,44,4,343,116,227,1650,115,47,111,50,20,186,157,312,31,27,4,214,129,201,111,13,18,12,15,1,3,129,31,183,128,30,154,1,1,29,56,287,56,256,0,31
2010,62,42,3.310,1,0,41,10,31,1874.500,10,6,15,6,4,19,22,37,4,3,1,30,11,28,9,2,2,2,1,0,1,18,3,20,17,3,17,1,0,3,6,35,6,31,0,4
2010,63,153,3.600,21,1,131,33,98,1725,32,25,48,20,6,52,79,117,14,8,6,83,48,76,41,7,7,5,3,2,4,50,11,70,49,11,57,1,0,13,13,118,13,104,0,14
2010,64,86,3.900,7,1,78,15,63,1615,14,16,36,10,2,31,47,66,12,9,3,43,35,37,29,6,6,6,3,0,3,19,5,54,19,5,42,0,0,12,9,69,9,57,0,12
2010,65,109,5.120,14,1,94,18,76,2600,17,7,30,17,23,30,64,85,9,7,2,44,50,42,43,2,7,2,5,0,2,28,9,57,28,9,48,0,0,9,12,82,12,73,0,9
2010,66,574,5.770,36,3,535,123,412,1632.780,123,93,212,73,34,191,344,487,48,37,11,340,195,315,172,25,23,20,17,5,6,210,42,283,206,40,241,4,2,42,73,462,70,417,3,45
2010,67,367,5.790,41,5,321,110,211,2000,109,37,95,61,19,171,150,289,32,28,4,212,109,197,92,15,17,13,15,2,2,129,27,165,126,27,136,3,0,29,39,282,38,251,1,31
2010,68,530,6.040,36,3,491,113,378,1671.500,113,87,168,96,27,238,253,456,35,25,10,335,156,317,139,18,17,17,8,1,9,208,39,244,206,38,212,2,1,32,77,414,76,380,1,34
2010,69,622,6.530,41,8,573,173,400,1771,170,65,212,89,37,175,398,514,59,52,7,389,184,358,156,31,28,30,22,1,6,259,43,271,250,41,223,9,2,48,68,505,66,448,2,57
2010,70,100,5.880,8,2,90,28,62,2259.150,28,10,24,16,12,25,65,76,14,10,4,52,38,42,34,10,4,9,1,1,3,29,9,52,27,9,40,2,0,12,9,81,6,70,3,11
2010,71,709,7.060,26,7,676,130,546,1800,128,103,284,118,43,218,458,621,55,43,12,443,233,424,197,19,36,18,25,1,11,284,69,323,281,68,272,3,1,51,83,593,83,538,0,55
2010,72,32,2.060,2,1,29,7,22,1837.500,7,2,13,2,5,10,19,24,5,4,1,12,17,9,15,3,2,3,1,0,1,6,2,21,5,2,17,1,0,4,1,28,1,23,0,5
2010,73,135,4.210,8,2,125,40,85,1860,40,9,44,22,10,53,72,111,14,12,2,73,52,64,47,9,5,8,4,1,1,44,19,62,41,19,51,3,0,11,15,110,14,97,1,13
2010,74,86,9.870,1,2,83,2,81,1658.500,2,12,44,17,8,1,82,79,4,3,1,36,47,33,46,3,1,2,1,1,0,29,10,44,29,10,40,0,0,4,12,71,12,67,0,4
2010,75,117,5.520,9,1,107,26,81,2703,26,10,25,32,14,38,69,99,8,7,1,59,48,57,42,2,6,2,5,0,1,32,9,66,32,8,59,0,1,7,18,89,18,81,0,8
2010,76,106,3.390,2,0,104,15,89,1700,13,14,49,23,5,16,88,99,5,4,1,53,51,50,49,3,2,3,1,0,1,30,24,50,30,24,45,0,0,5,12,92,12,87,0,5
2010,77,599,3.050,7,2,590,42,548,2549.450,38,48,216,217,71,39,551,540,50,37,13,351,239,322,218,29,21,25,12,4,9,213,61,316,212,60,268,1,1,48,87,503,83,457,4,46
2011,1,749,4,7,9,733,82,651,2165,75,102,283,202,71,83,650,664,69,53,16,450,283,409,255,41,28,36,17,5,11,272,49,412,266,49,349,6,0,63,108,625,106,558,2,67
2011,2,474,3.690,30,7,437,56,381,2900,53,36,123,135,90,55,382,395,42,35,7,284,153,265,130,19,23,19,16,0,7,165,39,233,161,38,196,4,1,37,91,346,90,305,1,41
2011,3,557,2.530,3,5,549,65,484,2092.640,59,87,203,139,61,26,523,483,66,48,18,311,238,289,194,22,44,19,29,3,15,180,56,313,177,53,253,3,3,60,88,461,84,399,4,62
2011,4,183,1.620,9,1,173,32,141,2310,32,11,71,38,21,34,139,158,15,14,1,95,78,84,74,11,4,11,3,0,1,54,16,103,52,16,90,2,0,13,22,151,22,136,0,15
2011,5,64,0.870,2,2,60,9,51,3100,9,4,16,19,12,15,45,51,9,8,1,28,32,24,27,4,5,4,4,0,1,10,5,45,9,5,37,1,0,8,5,55,5,46,0,9
2011,6,468,1.330,8,9,451,33,418,2127,32,59,185,116,59,27,424,407,44,36,8,241,210,216,191,25,19,21,15,4,4,136,55,260,133,55,219,3,0,41,79,372,74,333,5,39
2011,7,296,1.620,3,6,287,39,248,2750,36,21,93,78,59,28,259,247,40,31,9,134,153,118,129,16,24,13,18,3,6,69,34,184,68,33,146,1,1,38,47,240,45,202,2,38
2011,8,908,3.180,11,16,881,115,766,2659.500,112,121,239,244,165,25,856,758,123,86,37,463,418,416,342,47,76,43,43,4,33,265,115,501,260,113,385,5,2,116,160,721,149,609,11,112
2011,9,16,1.740,1,1,14,0,14,2432.220,0,3,5,1,5,2,12,12,2,2,0,10,4,8,4,2,0,2,0,0,0,8,1,5,7,1,4,1,0,1,3,11,3,9,0,2
2011,10,61,1.750,1,1,59,14,45,2088.160,14,6,21,15,3,11,48,50,9,8,1,36,23,32,18,4,5,4,4,0,1,21,6,32,20,6,24,1,0,8,10,49,10,40,0,9
2011,11,77,2.380,6,1,70,13,57,2280,13,11,21,15,10,15,55,61,9,8,1,43,27,39,22,4,5,4,4,0,1,24,2,44,24,2,35,0,0,9,10,60,10,51,0,9
2011,12,35,3.670,3,1,31,7,24,3611.610,7,1,6,7,10,4,27,21,10,10,0,16,15,12,9,4,6,4,6,0,0,6,3,22,6,2,13,0,1,9,2,29,2,19,0,10
2011,13,43,1.410,3,0,40,9,31,2000,9,5,15,6,5,6,34,34,6,3,3,24,16,21,13,3,3,2,1,1,2,9,4,27,9,4,21,0,0,6,6,34,6,28,0,6
2011,14,231,2.160,12,6,213,56,157,2289.970,54,24,71,42,22,45,168,184,29,23,6,129,84,118,66,11,18,11,12,0,6,65,7,141,64,7,113,1,0,28,29,184,29,155,0,29
2011,15,284,2.720,22,3,259,74,185,2025,72,33,92,37,25,58,201,235,24,17,7,161,98,145,90,16,8,14,3,2,5,74,22,163,73,21,141,1,1,22,34,225,34,201,0,24
2011,16,319,2.980,20,1,298,44,254,2035,42,41,121,70,24,69,229,270,28,22,6,182,116,169,101,13,15,11,11,2,4,113,32,153,113,32,125,0,0,28,44,254,44,226,0,28
2011,17,118,3.330,12,1,105,31,74,2450,31,11,26,26,11,23,82,94,11,10,1,59,46,55,39,4,7,3,7,1,0,35,7,63,35,7,52,0,0,11,15,90,15,79,0,11
2011,18,63,3.540,11,1,51,9,42,2000,8,7,19,10,7,13,38,47,4,3,1,29,22,27,20,2,2,2,1,0,1,18,7,26,18,7,22,0,0,4,4,47,4,43,0,4
2011,19,397,3.420,51,2,344,109,235,2202.500,106,32,104,68,34,109,235,299,45,36,9,212,132,190,109,22,23,21,15,1,8,130,23,191,129,21,149,1,2,42,33,311,32,267,1,44
2011,20,146,3.720,10,1,135,38,97,1800,38,25,42,24,6,41,94,116,19,16,3,78,57,68,48,10,9,9,7,1,2,45,9,81,45,8,63,0,1,18,17,118,16,100,1,18
2011,21,254,3.240,18,4,232,63,169,2000,64,29,82,44,13,61,171,197,35,29,6,147,85,126,71,21,14,18,11,3,3,82,16,134,80,16,101,2,0,33,35,197,35,162,0,35
2011,22,403,2.070,15,3,385,82,303,2380,79,29,137,96,44,94,291,339,46,34,12,207,178,192,147,15,31,14,20,1,11,120,42,223,117,42,180,3,0,43,55,330,53,286,2,44
2011,23,786,6.470,43,4,739,176,563,1950,171,89,286,133,60,252,487,653,86,65,21,457,282,414,239,43,43,39,26,4,17,262,67,410,257,67,329,5,0,81,73,666,71,582,2,84
2011,24,613,2.610,34,4,575,153,422,1962,150,85,171,114,55,136,439,496,79,57,22,329,246,298,198,31,48,28,29,3,19,197,51,327,193,49,254,4,2,73,85,490,82,414,3,76
2011,25,1694,7.740,59,21,1614,269,1345,1700,260,317,609,315,113,542,1072,1476,138,96,42,985,629,926,550,59,79,51,45,8,34,598,156,860,588,153,735,10,3,125,260,1354,251,1225,9,129
2011,26,299,6.230,19,5,275,48,227,1900,47,42,101,54,31,125,150,246,29,22,7,175,100,163,83,12,17,10,12,2,5,105,22,148,105,21,120,0,1,28,39,236,37,209,2,27
2011,27,414,7.860,25,1,388,100,288,1636.500,99,86,108,61,34,95,293,338,50,29,21,220,168,203,135,17,33,15,14,2,19,124,33,231,122,32,184,2,1,47,54,334,52,286,2,48
2011,28,641,4.090,9,5,627,109,518,2151.240,107,137,155,137,91,24,603,550,77,37,40,328,299,310,240,18,59,18,19,0,40,194,66,367,192,65,293,2,1,74,96,531,95,455,1,76
2011,29,548,6.110,11,9,528,119,409,2000,117,82,162,111,56,210,318,459,69,43,26,336,192,314,145,22,47,18,25,4,22,185,25,318,185,25,249,0,0,69,81,447,79,380,2,67
2011,30,333,2.990,23,2,308,101,207,1500,101,49,102,42,14,171,137,276,32,18,14,192,116,182,94,10,22,9,9,1,13,120,32,156,118,30,128,2,2,28,37,271,34,242,3,29
2011,31,193,2.150,5,2,186,57,129,2065,54,15,63,33,21,96,90,169,17,13,4,114,72,104,65,10,7,10,3,0,4,74,20,92,72,20,77,2,0,15,20,166,20,149,0,17
2011,32,358,4.750,6,5,347,21,326,3485.630,17,20,91,114,105,12,335,300,47,44,3,168,179,149,151,19,28,18,26,1,2,66,43,238,65,43,192,1,0,46,68,279,61,239,7,40
2011,33,335,6.170,5,2,328,25,303,2789.900,25,55,87,96,65,15,313,286,42,36,6,161,167,144,142,17,25,14,22,3,3,86,42,200,83,40,163,3,2,37,48,280,46,240,2,40
2011,34,60,1.760,0,0,60,15,45,1400,15,15,18,7,5,8,52,44,16,6,10,34,26,28,16,6,10,5,1,1,9,19,3,38,18,3,23,1,0,15,6,54,6,38,0,16
2011,35,377,4.570,4,5,368,40,328,1372.750,38,111,113,66,40,27,341,336,32,21,11,172,196,160,176,12,20,9,12,3,8,104,52,212,103,51,182,1,1,30,63,305,61,275,2,30
2011,36,138,6.420,0,3,135,27,108,1566.500,27,29,55,14,10,5,130,119,16,7,9,78,57,74,45,4,12,2,5,2,7,43,20,72,42,19,58,1,1,14,19,116,19,100,0,16
2011,37,51,5.780,3,0,48,18,30,736.600,18,18,9,2,1,8,40,43,5,2,3,29,19,28,15,1,4,1,1,0,3,18,3,27,18,3,22,0,0,5,7,41,7,36,0,5
2011,38,553,7.350,20,6,527,77,450,1772.530,74,128,154,117,54,71,456,472,55,37,18,287,240,267,205,20,35,20,17,0,18,158,64,305,157,63,252,1,1,53,83,444,78,394,5,50
2011,39,453,6.900,7,1,445,52,393,1475,42,136,146,61,60,20,425,394,51,39,12,216,229,196,198,20,31,18,21,2,10,128,66,251,127,65,202,1,1,49,56,389,51,343,5,46
2011,40,365,9.980,6,2,357,33,324,1815,32,56,153,81,35,98,259,318,39,30,9,237,120,218,100,19,20,16,14,3,6,139,26,192,137,24,157,2,2,35,59,298,58,260,1,38
2011,41,395,4.420,3,2,390,40,350,1639.330,32,99,124,68,67,22,368,354,36,29,7,202,188,183,171,19,17,19,10,0,7,114,51,225,113,50,191,1,1,34,58,332,55,299,3,33
2011,42,534,6.710,17,5,512,115,397,1875,106,91,183,87,45,112,400,450,62,47,15,335,177,304,146,31,31,27,20,4,11,184,37,291,182,35,233,2,2,58,82,430,79,371,3,59
2011,43,1762,8.210,23,15,1724,355,1369,1822.500,344,242,686,338,114,237,1487,1582,142,116,26,1120,604,1045,537,75,67,66,50,9,17,678,120,926,669,118,795,9,2,131,273,1451,264,1318,9,133
2011,44,614,6.020,12,7,595,145,450,1740,139,64,270,93,29,135,460,538,57,44,13,375,220,355,183,20,37,17,27,3,10,231,45,319,229,42,267,2,3,52,84,511,83,455,1,56
2011,45,97,6.710,2,1,94,18,76,2166,18,7,34,22,13,27,67,80,14,12,2,62,32,54,26,8,6,7,5,1,1,38,7,49,37,6,37,1,1,12,13,81,13,67,0,14
2011,46,470,6.310,12,5,453,113,340,2000,114,61,152,89,37,185,268,405,48,43,5,299,154,273,132,26,22,25,18,1,4,180,36,237,177,36,192,3,0,45,58,395,57,348,1,47
2011,47,20,3.720,1,0,19,6,13,1660,6,4,5,4,0,11,8,15,4,4,0,12,7,10,5,2,2,2,2,0,0,7,0,12,7,0,8,0,0,4,2,17,1,14,1,3
2011,48,80,5.420,7,1,72,20,52,2450,19,4,25,14,10,29,43,63,9,6,3,48,24,44,19,4,5,3,3,1,2,25,6,41,25,6,32,0,0,9,10,62,9,54,1,8
2011,49,537,7.590,16,3,518,82,436,2000,80,41,277,69,51,193,325,481,37,28,9,323,195,304,177,19,18,16,12,3,6,216,52,250,214,52,215,2,0,35,90,428,90,391,0,37
2011,50,111,6.510,7,1,103,15,88,662,14,58,16,11,4,31,72,89,14,6,8,49,54,45,44,4,10,4,2,0,8,33,19,51,33,18,38,0,1,13,12,91,12,77,0,14
2011,51,106,5.580,4,0,102,16,86,406.600,16,55,15,8,8,23,79,88,14,5,9,61,41,58,30,3,11,2,3,1,8,44,6,52,43,6,39,1,0,13,16,86,16,72,0,14
2011,52,72,3.300,2,0,70,10,60,1800,9,8,32,16,5,29,41,59,11,10,1,45,25,39,20,6,5,6,4,0,1,24,5,41,24,5,30,0,0,11,18,52,17,42,1,10
2011,53,266,6.760,16,3,247,64,183,1625,64,38,81,44,20,127,120,219,28,18,10,146,101,133,86,13,15,9,9,4,6,87,15,145,87,14,118,0,1,27,28,219,27,192,1,27
2011,54,252,12.630,1,3,248,58,190,500,58,148,21,17,4,4,244,214,34,5,29,135,113,133,81,2,32,0,5,2,27,111,43,94,109,42,63,2,1,31,11,237,11,203,0,34
2011,55,33,3.220,4,1,28,3,25,2950,3,4,8,8,5,11,17,26,2,2,0,17,11,16,10,1,1,1,1,0,0,8,4,16,8,4,14,0,0,2,2,26,2,24,0,2
2011,56,67,3.030,6,0,61,17,44,2807,17,8,12,14,10,26,35,52,9,8,1,29,32,25,27,4,5,4,4,0,1,17,8,36,17,8,27,0,0,9,4,57,4,48,0,9
2011,57,53,3.690,5,1,47,19,28,1460,18,6,20,2,1,14,33,43,4,3,1,31,16,30,13,1,3,1,2,0,1,18,3,26,18,3,22,0,0,4,6,41,6,37,0,4
2011,58,212,3.160,11,0,201,65,136,1500,64,36,59,34,8,92,109,177,24,21,3,135,66,124,53,11,13,11,10,0,3,81,14,106,81,14,82,0,0,24,29,172,28,149,1,23
2011,59,86,3.700,2,2,82,22,60,2000,22,9,30,15,6,31,51,76,6,5,1,58,24,54,22,4,2,4,1,0,1,32,4,46,32,4,40,0,0,6,11,71,11,65,0,6
2011,60,187,2.780,5,3,179,37,142,1900,36,22,65,39,17,73,106,155,24,20,4,133,46,118,37,15,9,14,6,1,3,78,11,90,74,11,70,4,0,20,32,147,31,124,1,23
2011,61,357,4.450,24,4,329,88,241,1965,88,54,99,70,18,162,167,293,36,26,10,224,105,208,85,16,20,13,13,3,7,131,26,172,130,26,137,1,0,35,44,285,43,250,1,35
2011,62,47,3.580,1,1,45,6,39,2400,6,7,14,12,6,16,29,42,3,3,0,23,22,23,19,0,3,0,3,0,0,11,3,31,11,3,28,0,0,3,6,39,6,36,0,3
2011,63,161,3.720,7,0,154,38,116,2125,38,21,52,30,13,79,75,132,22,17,5,101,53,88,44,13,9,9,8,4,1,54,11,89,53,10,69,1,1,20,21,133,21,111,0,22
2011,64,83,3.590,3,2,78,14,64,1675,14,11,30,18,5,29,49,67,11,10,1,50,28,45,22,5,6,5,5,0,1,29,10,39,29,9,29,0,1,10,15,63,14,53,1,10
2011,65,109,4.930,19,0,90,30,60,1750,29,12,32,10,7,33,57,78,12,9,3,55,35,49,29,6,6,6,3,0,3,31,6,53,30,6,42,1,0,11,7,83,7,71,0,12
2011,66,620,6.220,26,3,591,138,453,1650,136,93,223,93,46,231,360,536,55,43,12,374,217,349,187,25,30,21,22,4,8,207,33,351,203,33,300,4,0,51,75,516,75,461,0,55
2011,67,359,5.750,13,3,343,107,236,2200,104,25,110,75,29,172,171,307,36,21,15,215,128,197,110,18,18,13,8,5,10,118,32,193,115,32,160,3,0,33,52,291,49,258,3,33
2011,68,594,6.880,22,4,568,158,410,1800,151,116,156,99,46,226,342,514,54,44,10,379,189,348,166,31,23,28,16,3,7,230,34,304,227,33,254,3,1,50,79,489,75,439,4,50
2011,69,603,6.380,22,5,576,160,416,1800,159,67,212,102,36,170,406,521,55,38,17,385,191,360,161,25,30,22,16,3,14,245,39,292,240,38,243,5,1,49,86,490,82,439,4,51
2011,70,103,5.800,15,1,87,22,65,2552.990,20,3,29,25,10,23,64,75,12,8,4,54,33,47,28,7,5,6,2,1,3,25,6,56,24,6,45,1,0,11,13,74,12,63,1,11
2011,71,704,6.940,26,2,676,138,538,1860,134,102,271,121,48,198,478,620,56,48,8,440,236,411,209,29,27,28,20,1,7,275,44,357,270,44,306,5,0,51,89,587,89,531,0,56
2011,72,47,3.030,5,3,39,3,36,2215.540,3,6,14,12,4,8,31,30,9,6,3,25,14,18,12,7,2,5,1,2,1,12,1,26,11,1,18,1,0,8,3,36,3,27,0,9
2011,73,159,4.940,10,1,148,30,118,2400,30,11,53,36,18,58,90,130,18,14,4,97,51,84,46,13,5,11,3,2,2,48,9,91,48,9,73,0,0,18,26,122,25,105,1,17
2011,74,92,10.330,1,0,91,5,86,1547.500,5,14,61,9,2,7,84,85,6,6,0,41,50,37,48,4,2,4,2,0,0,20,14,57,20,14,51,0,0,6,6,85,6,79,0,6
2011,75,124,5.650,7,1,116,35,81,2260,33,7,37,21,18,30,86,105,11,11,0,83,33,76,29,7,4,7,4,0,0,43,8,65,42,7,56,1,1,9,21,95,20,85,1,10
2011,76,106,3.300,4,2,100,10,90,2146.680,10,15,39,21,15,8,92,89,11,10,1,62,38,55,34,7,4,6,4,1,0,34,13,53,33,13,43,1,0,10,26,74,25,64,1,10
2011,77,630,3.180,9,2,619,47,572,2605.970,37,54,216,215,97,38,581,559,60,48,12,394,225,366,193,28,32,27,21,1,11,251,65,303,247,62,250,4,3,53,124,495,120,439,4,56
2012,1,899,4.730,21,13,865,120,745,2060.090,114,107,382,184,78,82,783,780,85,64,21,538,327,498,282,40,45,34,30,6,15,334,90,441,331,89,360,3,1,81,184,681,175,605,9,76
2012,2,498,3.760,38,4,456,53,403,2600,53,29,158,145,71,67,389,403,53,47,6,283,173,254,149,29,24,27,20,2,4,142,45,269,140,45,218,2,0,51,94,362,89,314,5,48
2012,3,614,2.780,6,5,603,140,463,1760,138,98,217,105,45,19,584,530,73,43,30,333,270,301,229,32,41,23,20,9,21,198,81,324,193,80,257,5,1,67,98,505,95,435,3,70
2012,4,151,1.330,6,2,143,17,126,2221.250,16,11,59,41,16,17,126,127,16,16,0,88,55,77,50,11,5,11,5,0,0,54,11,78,52,11,64,2,0,14,29,114,26,101,3,13
2012,5,38,0.520,2,2,34,8,26,2291.500,8,3,11,5,7,5,29,33,1,1,0,20,14,19,14,1,0,1,0,0,0,13,5,16,13,5,15,0,0,1,8,26,8,25,0,1
2012,6,426,1.220,13,4,409,37,372,2163,37,38,179,98,57,23,386,376,33,24,9,220,189,207,169,13,20,10,14,3,6,135,61,213,132,60,184,3,1,29,98,311,96,280,2,31
2012,7,237,1.280,3,4,230,43,187,2500,43,31,62,64,30,18,212,200,30,21,9,100,130,87,113,13,17,13,8,0,9,54,38,138,54,38,108,0,0,30,30,200,30,170,0,30
2012,8,698,2.360,17,8,673,95,578,2651.340,95,91,187,184,116,20,653,577,96,69,27,351,322,315,262,36,60,34,35,2,25,206,109,358,203,104,270,3,5,88,141,532,132,445,9,87
2012,9,24,2.580,0,0,24,2,22,3349.930,2,1,7,8,6,2,22,23,1,1,0,19,5,18,5,1,0,1,0,0,0,9,3,12,9,3,11,0,0,1,8,16,8,15,0,1
2012,10,70,2.010,5,1,64,17,47,2100,17,11,17,13,6,10,54,56,8,7,1,39,25,34,22,5,3,5,2,0,1,20,2,42,20,2,34,0,0,8,10,54,8,48,2,6
2012,11,74,2.200,4,1,69,20,49,1875,20,10,22,11,6,17,52,58,11,11,0,49,20,43,15,6,5,6,5,0,0,22,2,45,22,2,34,0,0,11,16,53,15,43,1,10
2012,12,32,3.430,2,0,30,10,20,3529.860,11,2,6,5,6,4,26,25,5,5,0,20,10,15,10,5,0,5,0,0,0,9,2,19,9,2,14,0,0,5,4,26,2,23,2,3
2012,13,58,1.850,6,1,51,7,44,2200,7,5,19,14,6,14,37,44,7,4,3,33,18,30,14,3,4,2,2,1,2,16,3,32,16,3,25,0,0,7,12,39,12,32,0,7
2012,14,217,2.040,15,1,201,33,168,2000,32,26,76,54,13,44,157,174,27,21,6,130,71,113,61,17,10,16,5,1,5,71,19,111,68,18,88,3,1,23,36,165,32,142,4,23
2012,15,318,3.060,30,5,283,90,193,2065,91,35,86,45,26,55,228,249,34,27,7,174,109,155,94,19,15,18,9,1,6,70,13,200,70,12,167,0,1,33,45,238,42,207,3,31
2012,16,308,2.850,30,3,275,52,223,2100,52,32,103,61,27,54,221,245,30,28,2,177,98,164,81,13,17,13,15,0,2,109,19,147,107,19,119,2,0,28,57,218,55,190,2,28
2012,17,148,4.040,21,2,125,48,77,2550,48,8,27,25,17,33,92,104,21,19,2,78,47,63,41,15,6,15,4,0,2,43,8,74,42,8,54,1,0,20,19,106,19,85,0,21
2012,18,56,3.160,10,0,46,9,37,1940,9,5,17,12,3,10,36,39,7,4,3,30,16,26,13,4,3,2,2,2,1,21,5,20,21,5,13,0,0,7,6,40,5,34,1,6
2012,19,483,4.180,70,7,406,108,298,1967.130,108,34,164,66,34,120,286,364,42,40,2,257,149,233,131,24,18,23,17,1,1,156,23,227,154,23,187,2,0,40,87,319,85,279,2,40
2012,20,167,4.230,18,1,148,52,96,2000,52,11,47,24,14,50,98,138,10,6,4,100,48,92,46,8,2,6,0,2,2,60,10,78,60,10,68,0,0,10,23,125,22,116,1,9
2012,21,250,3.130,25,2,223,59,164,2193.630,59,22,66,54,22,58,165,201,22,17,5,129,94,119,82,10,12,8,9,2,3,72,20,131,71,20,110,1,0,21,37,186,37,164,0,22
2012,22,366,1.890,26,4,336,61,275,2200,59,52,103,81,41,64,272,293,43,36,7,225,111,196,97,29,14,27,9,2,5,131,26,179,128,26,139,3,0,40,55,281,55,238,0,43
2012,23,817,6.770,59,3,755,189,566,1992.500,195,94,282,145,39,292,463,669,86,70,16,488,267,447,222,41,45,35,35,6,10,294,55,406,288,55,326,6,0,80,140,615,136,533,4,82
2012,24,559,2.370,56,11,492,137,355,1883.550,138,91,123,88,52,95,397,441,51,40,11,261,231,238,203,23,28,22,18,1,10,149,50,293,144,49,248,5,1,45,91,401,86,355,5,46
2012,25,1761,8.130,73,12,1676,230,1446,1650,229,326,706,293,122,502,1174,1542,134,111,23,1090,586,1029,513,61,73,57,54,4,19,654,135,887,649,135,758,5,0,129,369,1307,366,1176,3,131
2012,26,335,7.100,21,2,312,70,242,1949.710,68,45,110,59,30,107,205,291,21,15,6,212,100,204,87,8,13,6,9,2,4,137,20,155,134,20,137,3,0,18,55,257,54,237,1,20
2012,27,389,7.310,24,3,362,65,297,1800,64,71,124,67,36,84,278,320,42,22,20,222,140,210,110,12,30,9,13,3,17,134,48,180,134,48,138,0,0,42,70,292,69,251,1,41
2012,28,596,3.650,21,5,570,95,475,2569.820,94,102,128,155,91,20,550,489,81,42,39,297,273,271,218,26,55,19,23,7,32,162,78,330,160,75,254,2,3,76,98,472,97,392,1,80
2012,29,596,6.640,39,6,551,118,433,1800,122,73,211,101,44,189,362,492,59,44,15,381,170,354,138,27,32,25,19,2,13,239,24,288,237,24,231,2,0,57,104,447,99,393,5,54
2012,30,379,3.350,39,1,339,108,231,1600,106,49,129,41,14,151,188,306,33,29,4,212,127,194,112,18,15,18,11,0,4,126,14,199,124,13,169,2,1,30,50,289,48,258,2,31
2012,31,169,1.890,5,2,162,44,118,1580,43,22,64,20,13,71,91,142,20,18,2,98,64,88,54,10,10,10,8,0,2,55,9,98,53,9,80,2,0,18,28,134,28,114,0,20
2012,32,293,3.510,8,6,279,11,268,3520.440,9,14,74,92,90,8,271,253,26,23,3,127,152,118,135,9,17,8,15,1,2,64,48,167,61,48,144,3,0,23,56,223,54,199,2,24
2012,33,293,5.200,7,1,285,34,251,2474.970,31,31,97,79,47,15,270,253,32,26,6,156,129,142,111,14,18,14,12,0,6,71,50,164,70,50,133,1,0,31,69,216,66,187,3,29
2012,34,72,2.110,1,0,71,21,50,1400,22,21,14,12,2,9,62,58,13,7,6,34,37,31,27,3,10,3,4,0,6,22,12,37,21,12,25,1,0,12,14,57,13,45,1,12
2012,35,505,6.120,6,5,494,57,437,1310.100,51,161,163,80,39,9,485,442,52,27,25,256,238,233,209,23,29,16,11,7,18,171,108,215,168,105,169,3,3,46,76,418,72,370,4,48
2012,36,142,6.370,3,3,136,19,117,1870,23,16,54,33,10,3,133,115,21,10,11,73,63,70,45,3,18,2,8,1,10,54,21,61,54,21,40,0,0,21,28,108,28,87,0,21
2012,37,72,8.300,4,0,68,13,55,898,13,28,16,6,5,15,53,59,9,5,4,39,29,34,25,5,4,3,2,2,2,18,10,40,17,10,32,1,0,8,12,56,11,48,1,8
2012,38,565,7.330,33,5,527,71,456,1655,71,133,164,108,51,51,476,464,63,45,18,279,248,255,209,24,39,19,26,5,13,162,68,297,160,68,236,2,0,61,100,427,93,371,7,56
2012,39,454,6.840,13,3,438,47,391,1592.890,44,114,170,62,48,38,400,409,29,23,6,207,231,196,213,11,18,10,13,1,5,122,82,234,120,82,207,2,0,27,83,355,81,328,2,27
2012,40,339,8.920,13,4,322,50,272,2017,51,51,116,73,31,73,249,293,29,24,5,231,91,217,76,14,15,13,11,1,4,138,20,164,136,20,137,2,0,27,70,252,68,225,2,27
2012,41,375,4.180,5,2,368,37,331,1769.260,36,69,151,49,63,7,361,329,39,27,12,226,142,213,116,13,26,11,16,2,10,141,33,194,140,33,156,1,0,38,74,294,72,257,2,37
2012,42,454,5.660,29,3,422,79,343,2151,78,60,136,100,48,72,350,384,38,29,9,282,140,272,112,10,28,9,20,1,8,176,26,220,174,24,186,2,2,34,91,331,90,294,1,37
2012,43,1999,9.400,34,15,1950,354,1596,1702.500,351,248,889,326,136,258,1692,1797,153,128,25,1267,683,1200,597,67,86,58,70,9,16,703,135,1112,698,132,967,5,3,145,429,1521,423,1374,6,147
2012,44,802,8,24,6,772,160,612,1570,153,100,355,124,40,128,644,727,45,40,5,521,251,504,223,17,28,17,23,0,5,317,36,419,316,36,375,1,0,44,180,592,176,551,4,41
2012,45,60,4.130,3,1,56,3,53,2090,3,5,27,19,2,18,38,52,4,4,0,40,16,38,14,2,2,2,2,0,0,24,1,31,24,1,27,0,0,4,10,46,10,42,0,4
2012,46,575,7.860,30,5,540,120,420,1709,118,95,196,95,36,180,360,486,54,40,14,318,222,302,184,16,38,14,26,2,12,180,50,310,180,49,257,0,1,53,97,443,96,390,1,53
2012,47,31,5.700,2,0,29,11,18,1537.500,11,7,3,5,3,19,10,29,0,0,0,18,11,18,11,0,0,0,0,0,0,12,2,15,12,2,15,0,0,0,4,25,4,25,0,0
2012,48,72,4.910,11,0,61,14,47,1800,14,5,27,11,4,26,35,54,7,6,1,41,20,37,17,4,3,4,2,0,1,22,4,35,22,4,28,0,0,7,7,54,7,47,0,7
2012,49,549,7.730,22,4,523,87,436,1700,84,49,274,75,41,188,335,471,52,43,9,323,200,303,168,20,32,19,24,1,8,210,52,261,209,52,210,1,0,51,113,410,112,359,1,51
2012,50,84,4.890,3,1,80,6,74,686.500,7,47,15,5,6,20,60,75,5,2,3,37,43,37,38,0,5,0,2,0,3,23,20,37,23,20,32,0,0,5,16,64,16,59,0,5
2012,51,104,5.360,7,0,97,33,64,975,32,33,16,10,6,35,62,85,12,7,5,64,33,60,25,4,8,4,3,0,5,51,7,39,50,7,28,1,0,11,15,82,15,70,0,12
2012,52,68,3.080,1,0,67,23,44,1844.440,23,9,19,10,6,34,33,61,6,6,0,46,21,43,18,3,3,3,3,0,0,27,4,36,27,4,30,0,0,6,12,55,12,49,0,6
2012,53,283,7.260,28,3,252,59,193,2160.820,58,23,92,56,23,129,123,222,30,21,9,167,85,154,68,13,17,11,10,2,7,93,15,144,92,14,116,1,1,28,56,196,56,166,0,30
2012,54,315,15.390,1,1,313,43,270,373,45,234,20,7,7,0,313,279,34,4,30,194,119,191,88,3,31,1,3,2,28,156,40,117,156,36,87,0,4,30,42,271,41,238,1,33
2012,55,31,2.990,2,0,29,9,20,2575,8,1,9,9,2,12,17,25,4,4,0,15,14,15,10,0,4,0,4,0,0,10,3,16,10,3,12,0,0,4,8,21,8,17,0,4
2012,56,70,3.120,20,2,48,19,29,2400,19,1,16,10,2,11,37,42,6,6,0,35,13,32,10,3,3,3,3,0,0,22,5,21,21,5,16,1,0,5,9,39,9,33,0,6
2012,57,46,3.040,7,0,39,14,25,1500,14,8,8,8,1,9,30,35,4,3,1,22,17,21,14,1,3,1,2,0,1,12,2,25,12,2,21,0,0,4,5,34,5,30,0,4
2012,58,230,3.430,30,3,197,62,135,1540,62,29,68,28,10,92,105,176,21,18,3,139,58,129,47,10,11,8,10,2,1,88,10,99,88,10,78,0,0,21,37,160,37,139,0,21
2012,59,63,2.690,3,0,60,9,51,1750,9,9,26,10,6,27,33,52,8,6,2,36,24,33,19,3,5,1,5,2,0,11,5,44,11,5,36,0,0,8,8,52,8,44,0,8
2012,60,159,2.340,5,1,153,37,116,1800,38,21,51,30,13,69,84,136,17,14,3,99,54,89,47,10,7,9,5,1,2,59,9,85,59,9,68,0,0,17,25,128,25,111,0,17
2012,61,377,4.640,33,4,340,79,261,1907.500,78,54,105,76,27,196,144,317,23,18,5,241,99,231,86,10,13,10,8,0,5,142,14,184,141,14,162,1,0,22,71,269,70,247,1,22
2012,62,56,4.120,9,0,47,16,31,2400,16,7,10,10,4,8,39,35,12,11,1,29,18,21,14,8,4,8,3,0,1,12,3,32,12,3,20,0,0,12,5,42,5,30,0,12
2012,63,182,4.120,24,0,158,40,118,1700,39,25,51,36,7,63,95,140,18,15,3,112,46,101,39,11,7,10,5,1,2,67,9,82,64,9,67,3,0,15,26,132,24,116,2,16
2012,64,94,3.890,7,4,83,20,63,2150,20,4,33,15,11,20,63,74,9,7,2,57,26,51,23,6,3,6,1,0,2,32,7,44,32,7,35,0,0,9,17,66,17,57,0,9
2012,65,134,5.840,29,1,104,34,70,3420,35,6,18,23,22,20,84,83,21,19,2,58,46,51,32,7,14,6,13,1,1,27,11,66,24,10,49,3,1,17,22,82,21,62,1,20
2012,66,672,6.730,53,3,616,131,485,1700,131,81,262,112,30,183,433,553,63,60,3,388,228,360,193,28,35,27,33,1,2,242,30,344,240,30,283,2,0,61,113,503,113,440,0,63
2012,67,438,7.130,40,3,395,121,274,2310,122,41,100,81,51,194,201,354,41,32,9,255,140,240,114,15,26,15,17,0,9,148,19,228,148,18,188,0,1,40,75,320,73,281,2,39
2012,68,598,7.050,20,7,571,139,432,1800,140,106,165,121,39,252,319,517,54,41,13,379,192,353,164,26,28,23,18,3,10,248,29,294,246,29,242,2,0,52,100,471,100,417,0,54
2012,69,749,7.990,29,12,708,162,546,1600,160,122,278,99,49,189,519,662,46,39,7,499,209,486,176,13,33,13,26,0,7,325,29,354,322,28,312,3,1,42,129,579,129,533,0,46
2012,70,105,5.680,13,1,91,34,57,2285.390,35,7,23,17,9,28,63,81,10,7,3,54,37,48,33,6,4,5,2,1,2,31,3,57,30,3,48,1,0,9,20,71,20,61,0,10
2012,71,764,7.440,23,7,734,142,592,1650,139,82,357,116,40,203,531,680,54,38,16,463,271,443,237,20,34,14,24,6,10,254,40,440,254,39,387,0,1,53,156,578,153,527,3,51
2012,72,52,3.350,2,0,50,10,40,2680,10,4,15,14,7,14,36,43,7,7,0,30,20,27,16,3,4,3,4,0,0,16,4,30,16,4,23,0,0,7,7,43,6,37,1,6
2012,73,173,5.350,16,1,156,42,114,2200,42,6,59,32,17,50,106,134,22,17,5,96,60,87,47,9,13,8,9,1,4,51,4,101,51,4,79,0,0,22,21,135,21,113,0,22
2012,74,42,4.610,1,1,40,5,35,917.930,5,20,13,1,1,5,35,32,8,8,0,14,26,12,20,2,6,2,6,0,0,10,5,25,10,5,17,0,0,8,7,33,7,25,0,8
2012,75,129,5.690,9,1,119,30,89,1916.340,30,10,40,31,8,31,88,104,15,14,1,66,53,61,43,5,10,5,9,0,1,41,10,68,40,10,54,1,0,14,13,106,10,94,3,12
2012,76,107,3.250,9,0,98,12,86,1896.310,11,14,42,22,9,7,91,88,10,10,0,44,54,39,49,5,5,5,5,0,0,27,15,56,27,15,46,0,0,10,7,91,6,82,1,9
2012,77,680,3.420,11,4,665,59,606,2043,39,44,337,173,72,31,634,610,55,45,10,348,317,322,288,26,29,25,20,1,9,195,106,364,191,106,313,4,0,51,144,521,140,470,4,51
2013,1,843,4.370,24,12,807,128,679,2008,129,106,336,174,62,98,709,699,108,86,22,529,278,469,230,60,48,51,35,9,13,321,75,411,308,73,318,13,2,93,83,724,78,621,5,103
2013,2,469,3.440,26,4,439,79,360,2458,78,21,164,129,47,63,376,385,54,47,7,257,182,223,162,34,20,31,16,3,4,157,51,231,151,50,184,6,1,47,42,397,40,345,2,52
2013,3,557,2.510,11,5,541,95,446,1600,94,101,233,78,35,15,526,489,52,30,22,298,243,282,207,16,36,12,18,4,18,178,79,284,177,76,236,1,3,48,46,495,45,444,1,51
2013,4,138,1.210,9,1,128,19,109,2670,17,8,40,40,23,27,101,108,20,16,4,76,52,67,41,9,11,8,8,1,3,39,20,69,38,20,50,1,0,19,8,120,8,100,0,20
2013,5,39,0.540,5,0,34,9,25,2799.390,9,2,9,6,8,3,31,27,7,6,1,13,21,9,18,4,3,4,2,0,1,5,6,23,4,6,17,1,0,6,1,33,1,26,0,7
2013,6,445,1.270,15,3,427,63,364,2147.500,59,76,128,95,69,11,416,372,55,40,15,226,201,207,165,19,36,18,22,1,14,138,62,227,136,61,175,2,1,52,53,374,51,321,2,53
2013,7,173,0.930,4,2,167,21,146,2829.640,21,16,50,40,40,6,161,142,25,19,6,72,95,62,80,10,15,9,10,1,5,40,23,104,40,22,80,0,1,24,11,156,11,131,0,25
2013,8,699,2.290,16,7,676,81,595,2378.430,76,121,190,150,139,16,660,587,89,69,20,372,304,330,257,42,47,37,32,5,15,224,119,333,217,119,251,7,0,82,57,619,52,535,5,84
2013,9,17,1.810,3,0,14,0,14,1952.910,0,1,9,4,0,2,12,12,2,2,0,8,6,8,4,0,2,0,2,0,0,5,1,8,5,1,6,0,0,2,2,12,2,10,0,2
2013,10,63,1.810,10,0,53,11,42,3126,11,4,12,16,10,5,48,47,6,5,1,36,17,32,15,4,2,3,2,1,0,11,5,37,11,5,31,0,0,6,13,40,12,35,1,5
2013,11,82,2.360,8,1,73,18,55,1800,19,11,25,10,8,15,58,61,12,11,1,40,33,32,29,8,4,8,3,0,1,19,8,46,19,8,34,0,0,12,10,63,10,51,0,12
2013,12,23,2.530,2,1,20,5,15,2732.500,6,2,4,5,3,3,17,17,3,3,0,12,8,12,5,0,3,0,3,0,0,8,3,9,8,3,6,0,0,3,2,18,2,15,0,3
2013,13,58,1.800,7,0,51,16,35,2567.470,16,4,13,13,5,12,39,47,4,3,1,29,22,29,18,0,4,0,3,0,1,19,2,30,19,2,26,0,0,4,4,47,4,43,0,4
2013,14,260,2.470,15,3,242,42,200,2050,47,34,85,51,25,31,211,205,37,33,4,161,81,137,68,24,13,23,10,1,3,101,16,125,99,16,90,2,0,35,17,225,14,191,3,34
2013,15,305,2.960,39,2,264,56,208,2025.680,53,27,99,43,42,67,197,235,29,25,4,183,81,162,73,21,8,19,6,2,2,95,13,156,93,13,129,2,0,27,18,246,18,217,0,29
2013,16,297,2.720,32,2,263,61,202,1925,62,31,101,48,21,47,216,228,35,26,9,166,97,146,82,20,15,17,9,3,6,92,23,148,89,22,117,3,1,31,21,242,19,209,2,33
2013,17,124,3.280,16,3,105,36,69,2458.950,35,6,29,22,13,26,79,84,21,20,1,70,35,57,27,13,8,13,7,0,1,40,8,57,36,8,40,4,0,17,6,99,5,79,1,20
2013,18,49,2.770,8,0,41,18,23,1350,18,5,13,3,2,11,30,33,8,8,0,23,18,21,12,2,6,2,6,0,0,15,4,22,15,4,14,0,0,8,3,38,3,30,0,8
2013,19,401,3.490,78,3,320,110,210,2243.500,112,28,86,67,27,95,225,277,43,34,9,205,115,176,101,29,14,26,8,3,6,108,24,188,103,24,150,5,0,38,24,296,23,254,1,42
2013,20,177,4.470,16,1,160,37,123,1900,37,13,70,32,8,45,115,136,24,16,8,97,63,86,50,11,13,10,6,1,7,62,11,87,62,10,64,0,1,23,11,149,10,126,1,23
2013,21,215,2.640,24,4,187,53,134,2157.500,51,20,63,39,14,59,128,163,24,20,4,124,63,105,58,19,5,19,1,0,4,67,19,101,64,19,80,3,0,21,16,171,14,149,2,22
2013,22,349,1.800,31,6,312,88,224,1900,91,36,105,66,14,56,256,273,39,31,8,188,124,171,102,17,22,16,15,1,7,116,25,171,114,25,134,2,0,37,17,295,14,259,3,36
2013,23,703,5.870,63,5,635,171,464,2078.410,171,71,213,113,67,248,387,561,74,50,24,421,214,384,177,37,37,27,23,10,14,243,34,358,241,33,287,2,1,71,37,598,36,525,1,73
2013,24,396,1.670,31,8,357,87,270,2234.860,91,48,98,81,39,70,287,308,49,32,17,176,181,156,152,20,29,15,17,5,12,82,39,236,78,39,191,4,0,45,14,343,13,295,1,48
2013,25,1738,8.100,107,19,1612,240,1372,1700,227,280,700,298,107,471,1141,1432,180,142,38,1019,593,945,487,74,106,67,75,7,31,550,103,959,540,102,790,10,1,169,138,1474,134,1298,4,176
2013,26,366,7.900,12,2,352,70,282,1800,70,56,135,69,22,128,224,315,37,30,7,245,107,227,88,18,19,16,14,2,5,154,29,169,149,29,137,5,0,32,27,325,27,288,0,37
2013,27,379,7.050,30,7,342,72,270,1543,67,92,103,58,22,59,283,304,38,24,14,189,153,171,133,18,20,15,9,3,11,105,65,172,104,65,135,1,0,37,29,313,27,277,2,36
2013,28,545,3.210,28,6,511,97,414,2202.160,91,126,99,129,66,21,490,427,84,55,29,264,247,235,192,29,55,22,33,7,22,166,83,262,161,79,187,5,4,75,39,472,35,392,4,80
2013,29,644,7.150,62,7,575,124,451,2042.500,124,73,198,115,65,208,367,513,62,47,15,406,169,380,133,26,36,23,24,3,12,226,30,319,224,28,261,2,2,58,35,540,35,478,0,62
2013,30,369,3.220,56,2,311,88,223,1540,86,43,121,48,13,135,176,269,42,27,15,196,115,174,95,22,20,17,10,5,10,116,14,181,116,14,139,0,0,42,27,284,27,242,0,42
2013,31,184,2.070,30,3,151,46,105,1625,46,22,48,27,8,47,104,133,18,15,3,85,66,78,55,7,11,5,10,2,1,51,12,88,51,12,70,0,0,18,11,140,11,122,0,18
2013,32,249,2.720,3,3,243,18,225,3718.790,18,8,52,96,69,6,237,209,34,33,1,108,135,96,113,12,22,12,21,0,1,55,44,144,55,43,111,0,1,33,25,218,25,184,0,34
2013,33,274,4.680,14,3,257,37,220,3020,37,15,70,77,58,10,247,216,41,38,3,129,128,117,99,12,29,12,26,0,3,81,31,145,80,31,105,1,0,40,23,234,23,193,0,41
2013,34,54,1.580,0,1,53,11,42,1244.780,11,17,15,6,4,4,49,43,10,2,8,28,25,26,17,2,8,2,0,0,8,22,10,21,22,10,11,0,0,10,3,50,3,40,0,10
2013,35,468,5.660,6,1,461,69,392,1105.740,43,179,144,53,42,9,452,418,43,19,24,241,220,229,189,12,31,10,9,2,22,176,107,178,175,105,138,1,2,40,20,441,19,399,1,42
2013,36,142,6.150,4,1,137,33,104,1646,27,24,58,21,7,5,132,116,21,9,12,81,56,74,42,7,14,5,4,2,10,59,19,59,59,19,38,0,0,21,12,125,11,105,1,20
2013,37,60,7.040,0,0,60,19,41,1088,19,20,10,6,5,14,46,54,6,3,3,36,24,34,20,2,4,2,1,0,3,21,9,30,21,9,24,0,0,6,0,60,0,54,0,6
2013,38,556,7.030,21,4,531,91,440,1780,92,125,144,108,62,65,466,464,67,50,17,313,218,288,176,25,42,22,28,3,14,185,67,279,182,64,218,3,3,61,48,483,47,417,1,66
2013,39,387,5.770,9,5,373,38,335,1908,36,64,145,56,72,28,345,345,28,21,7,225,148,208,137,17,11,14,7,3,4,120,50,203,117,49,179,3,1,24,41,332,41,304,0,28
2013,40,352,8.930,11,4,337,51,286,2068.750,48,42,132,79,36,54,283,301,36,26,10,234,103,221,80,13,23,12,14,1,9,126,21,190,121,19,161,5,2,29,31,306,31,270,0,36
2013,41,345,3.830,4,2,339,37,302,1960.940,31,63,124,75,46,11,328,302,37,33,4,172,167,155,147,17,20,17,16,0,4,107,60,172,106,59,137,1,1,35,29,310,27,275,2,35
2013,42,491,6.080,27,3,461,88,373,1934.850,87,84,142,103,45,105,356,411,50,39,11,275,186,252,159,23,27,21,18,2,9,138,35,288,137,34,240,1,1,48,30,431,30,381,0,50
2013,43,2038,9.680,64,21,1953,345,1608,1700,337,275,872,326,143,228,1725,1805,148,125,23,1286,667,1209,596,77,71,70,55,7,16,705,151,1097,695,149,961,10,2,136,160,1793,158,1647,2,146
2013,44,783,7.940,32,10,741,136,605,1580,135,107,345,114,40,124,617,682,59,52,7,513,228,478,204,35,24,33,19,2,5,255,29,457,251,28,403,4,1,54,61,680,59,623,2,57
2013,45,79,5.400,6,1,72,11,61,1881,8,11,32,13,8,27,45,58,14,10,4,47,25,42,16,5,9,5,5,0,4,27,2,43,26,2,30,1,0,13,8,64,8,50,0,14
2013,46,509,7.090,30,7,472,94,378,1844,91,67,189,89,36,151,321,422,50,40,10,327,145,308,114,19,31,16,24,3,7,177,23,272,177,23,222,0,0,50,34,438,34,388,0,50
2013,47,26,4.720,0,0,26,10,16,1950,10,4,6,4,2,15,11,23,3,2,1,18,8,18,5,0,3,0,2,0,1,8,1,17,8,1,14,0,0,3,1,25,1,22,0,3
2013,48,63,4.320,7,2,54,17,37,2370,17,4,15,14,4,23,31,48,6,6,0,31,23,27,21,4,2,4,2,0,0,13,4,37,13,4,31,0,0,6,7,47,7,41,0,6
2013,49,541,7.590,34,3,504,96,408,1623.550,96,62,250,70,26,201,303,451,53,39,14,329,175,306,145,23,30,19,20,4,10,209,61,234,208,60,183,1,1,51,46,458,45,406,1,52
2013,50,80,4.620,4,1,75,9,66,720.050,8,39,12,10,6,16,59,69,6,4,2,40,35,38,31,2,4,2,2,0,2,29,17,29,28,17,24,1,0,5,3,72,3,66,0,6
2013,51,106,5.350,5,2,99,22,77,1302.600,22,22,34,12,9,26,73,91,8,4,4,66,33,65,26,1,7,1,3,0,4,43,13,43,43,12,36,0,1,7,12,87,12,79,0,8
2013,52,78,3.490,10,0,68,20,48,2000,21,9,25,12,1,34,34,59,9,8,1,44,24,39,20,5,4,5,3,0,1,25,4,39,22,4,33,3,0,6,4,64,4,55,0,9
2013,53,244,6.320,33,1,210,60,150,1750,59,30,82,25,14,115,95,197,13,10,3,129,81,122,75,7,6,6,4,1,2,66,15,129,66,15,116,0,0,13,18,192,18,179,0,13
2013,54,238,11.340,2,1,235,31,204,404.470,32,160,24,17,2,2,233,214,21,4,17,173,62,169,45,4,17,2,2,2,15,147,18,70,146,18,50,1,0,20,13,222,13,201,0,21
2013,55,27,2.570,2,0,25,9,16,1612.500,9,3,10,2,1,7,18,23,2,0,2,12,13,12,11,0,2,0,0,0,2,5,5,15,5,4,14,0,1,1,2,23,2,21,0,2
2013,56,81,3.550,10,0,71,34,37,2575,31,5,14,18,3,13,58,60,11,10,1,41,30,33,27,8,3,7,3,1,0,21,10,40,21,9,30,0,1,10,5,66,4,56,1,10
2013,57,49,3.080,5,0,44,16,28,1950.680,17,4,15,8,0,18,26,37,7,7,0,27,17,23,14,4,3,4,3,0,0,15,2,27,15,2,20,0,0,7,4,40,4,33,0,7
2013,58,227,3.400,23,0,204,68,136,1400,66,33,70,23,12,95,109,174,30,24,6,133,71,123,51,10,20,9,15,1,5,67,13,124,66,12,96,1,1,28,12,192,11,163,1,29
2013,59,68,2.890,1,0,67,17,50,1600,16,6,31,12,2,25,42,58,9,7,2,43,24,40,18,3,6,3,4,0,2,25,7,35,24,7,27,1,0,8,2,65,2,56,0,9
2013,60,148,2.160,9,1,138,40,98,1675,38,21,45,23,11,43,95,120,18,16,2,92,46,84,36,8,10,8,8,0,2,45,10,83,44,10,66,1,0,17,11,127,10,110,1,17
2013,61,347,4.210,46,1,300,69,231,2000,69,43,96,70,22,140,160,269,31,26,5,207,93,190,79,17,14,14,12,3,2,108,15,177,107,15,147,1,0,30,28,272,27,242,1,30
2013,62,59,4.200,9,0,50,19,31,2102.880,18,3,15,11,3,12,38,44,6,5,1,27,23,25,19,2,4,2,3,0,1,21,8,21,20,8,16,1,0,5,2,48,2,42,0,6
2013,63,153,3.400,12,0,141,37,104,1575.570,40,19,58,20,4,50,91,122,19,13,6,90,51,81,41,9,10,9,4,0,6,59,8,74,59,8,55,0,0,19,12,129,12,110,0,19
2013,64,83,3.290,6,0,77,17,60,2237.500,17,9,23,16,12,21,56,66,11,10,1,45,32,39,27,6,5,6,4,0,1,24,7,46,23,7,36,1,0,10,6,71,6,60,0,11
2013,65,113,4.750,27,0,86,27,59,1800,27,9,28,16,6,22,64,76,10,10,0,48,38,43,33,5,5,5,5,0,0,30,9,47,29,9,38,1,0,9,8,78,8,68,0,10
2013,66,712,7.110,55,7,650,89,561,1560,89,109,303,96,53,179,471,579,71,60,11,437,213,399,180,38,33,36,24,2,9,224,37,389,219,37,323,5,0,66,52,598,50,529,2,69
2013,67,384,6.350,50,3,331,119,212,2484,118,23,85,72,33,182,149,284,47,41,6,219,112,202,82,17,30,15,26,2,4,122,25,184,121,25,138,1,0,46,27,304,27,257,0,47
2013,68,541,6.490,40,6,495,126,369,1705,127,94,139,93,42,222,273,446,49,39,10,344,151,317,129,27,22,24,15,3,7,194,32,269,192,32,222,2,0,47,36,459,35,411,1,48
2013,69,777,8.360,71,5,701,191,510,1800,193,98,247,108,55,143,558,636,65,46,19,465,236,441,195,24,41,20,26,4,15,257,46,398,253,45,338,4,1,60,54,647,53,583,1,64
2013,70,136,7.080,28,2,106,31,75,2520,31,10,26,26,13,30,76,94,12,11,1,60,46,56,38,4,8,3,8,1,0,29,8,69,28,8,58,1,0,11,6,100,5,89,1,11
2013,71,742,7.150,51,3,688,98,590,1834.500,96,90,314,129,59,168,520,634,54,46,8,464,224,438,196,26,28,23,23,3,5,241,42,405,239,41,354,2,1,51,58,630,58,576,0,54
2013,72,62,4,12,3,47,8,39,2475,8,3,17,12,7,10,37,35,12,11,1,25,22,18,17,7,5,7,4,0,1,9,4,34,8,4,23,1,0,11,3,44,2,33,1,11
2013,73,174,5.360,14,1,159,29,130,2161,27,9,70,35,18,50,109,139,20,19,1,102,57,94,45,8,12,7,12,1,0,55,5,99,55,5,79,0,0,20,8,151,8,131,0,20
2013,74,35,3.760,2,0,33,3,30,1999.400,3,8,14,4,4,4,29,31,2,2,0,20,13,19,12,1,1,1,1,0,0,15,5,13,15,5,11,0,0,2,4,29,4,27,0,2
2013,75,141,6.020,19,1,121,37,84,2400,36,12,31,31,11,25,96,102,19,17,2,87,34,75,27,12,7,12,5,0,2,48,8,65,47,8,47,1,0,18,8,113,8,94,0,19
2013,76,114,3.370,7,0,107,9,98,1767.440,8,22,50,21,6,8,99,99,8,8,0,53,54,52,47,1,7,1,7,0,0,37,26,44,37,26,36,0,0,8,10,97,10,89,0,8
2013,77,541,2.700,14,3,524,51,473,1865,51,56,262,105,50,25,499,479,45,35,10,295,229,270,209,25,20,25,10,0,10,177,87,260,176,87,216,1,0,44,65,459,64,415,1,44
2014,1,636,3.250,70,5,561,68,493,2042.050,69,77,232,139,44,38,523,502,59,50,9,324,237,306,196,18,41,17,33,1,8,193,83,285,192,82,228,1,1,57,49,512,48,454,1,58
2014,2,451,3.220,68,3,380,59,321,2625,60,29,122,117,52,55,325,334,46,41,5,233,147,211,123,22,24,20,21,2,3,125,64,191,124,63,147,1,1,44,34,346,33,301,1,45
2014,3,435,1.950,24,4,407,68,339,1755,67,74,159,78,29,17,390,365,42,23,19,217,190,203,162,14,28,11,12,3,16,128,78,201,127,77,161,1,1,40,33,374,30,335,3,39
2014,4,140,1.230,20,1,119,24,95,2098.500,23,15,45,25,11,12,107,102,17,15,2,67,52,62,40,5,12,4,11,1,1,43,21,55,42,21,39,1,0,16,8,111,7,95,1,16
2014,5,49,0.680,7,0,42,8,34,3385,7,0,13,12,10,4,38,34,8,8,0,30,12,23,11,7,1,7,1,0,0,11,2,29,11,2,21,0,0,8,6,36,5,29,1,7
2014,6,313,0.900,12,3,298,30,268,2422.410,29,27,110,90,42,18,280,270,28,22,6,141,157,132,138,9,19,9,13,0,6,89,66,143,85,64,121,4,2,22,25,273,23,247,2,26
2014,7,163,0.870,6,4,153,22,131,2617,22,20,43,39,29,5,148,137,16,13,3,69,84,61,76,8,8,7,6,1,2,28,38,87,27,38,72,1,0,15,12,141,12,125,0,16
2014,8,572,1.810,29,7,536,54,482,2769.110,54,84,143,136,119,8,528,468,68,56,12,266,270,240,228,26,42,25,31,1,11,164,123,249,159,123,186,5,0,63,49,487,46,422,3,65
2014,9,12,1.260,1,1,10,0,10,1954,0,2,5,2,1,1,9,10,0,0,0,8,2,8,2,0,0,0,0,0,0,3,2,5,3,2,5,0,0,0,1,9,1,9,0,0
2014,10,61,1.750,9,0,52,10,42,2530,10,5,16,7,14,6,46,44,8,7,1,39,13,35,9,4,4,3,4,1,0,23,6,23,21,6,17,2,0,6,2,50,2,42,0,8
2014,11,77,2.150,11,2,64,18,46,2272.500,18,8,21,11,6,14,50,53,11,11,0,37,27,31,22,6,5,6,5,0,0,26,9,29,26,9,18,0,0,11,3,61,3,50,0,11
2014,12,26,2.940,9,0,17,6,11,1600,6,3,6,1,1,4,13,16,1,1,0,9,8,9,7,0,1,0,1,0,0,3,2,12,3,2,11,0,0,1,2,15,2,14,0,1
2014,13,41,1.240,7,1,33,6,27,2600,6,5,7,14,1,6,27,29,4,3,1,23,10,19,10,4,0,3,0,1,0,10,6,17,10,6,13,0,0,4,5,28,5,24,0,4
2014,14,252,2.410,43,5,204,48,156,1950,49,33,65,43,14,30,174,181,23,18,5,133,71,117,64,16,7,13,5,3,2,74,24,106,74,24,83,0,0,23,15,189,14,167,1,22
2014,15,247,2.410,50,1,196,45,151,1855,44,26,75,31,20,48,148,163,33,27,6,125,71,109,54,16,17,15,12,1,5,66,28,102,64,27,72,2,1,30,10,186,10,153,0,33
2014,16,263,2.380,40,1,222,45,177,2000,46,25,93,42,16,33,189,185,37,26,11,131,91,112,73,19,18,16,10,3,8,78,27,117,75,26,84,3,1,33,14,208,14,171,0,37
2014,17,110,2.830,18,1,91,20,71,2580,20,9,25,26,11,19,72,77,14,10,4,53,38,48,29,5,9,4,6,1,3,21,15,55,21,15,41,0,0,14,8,83,7,70,1,13
2014,18,52,2.950,12,0,40,13,27,2203.260,12,5,10,10,3,5,35,33,7,4,3,19,21,19,14,0,7,0,4,0,3,11,6,23,11,6,16,0,0,7,1,39,1,32,0,7
2014,19,400,3.500,86,1,313,72,241,2070,73,31,120,67,22,99,214,284,29,24,5,212,101,202,82,10,19,10,14,0,5,127,35,151,126,35,123,1,0,28,15,298,15,269,0,29
2014,20,148,3.720,27,2,119,30,89,1800,29,16,45,27,2,38,81,107,12,9,3,73,46,67,40,6,6,5,4,1,2,40,17,62,38,17,52,2,0,10,8,111,8,99,0,12
2014,21,200,2.410,31,0,169,40,129,2122.500,39,18,58,38,16,36,133,143,26,17,9,99,70,87,56,12,14,9,8,3,6,54,28,87,52,28,63,2,0,24,15,154,13,130,2,24
2014,22,331,1.720,55,2,274,83,191,2150,79,35,73,61,26,65,209,236,38,26,12,157,117,142,94,15,23,13,13,2,10,81,35,158,81,35,120,0,0,38,19,255,17,219,2,36
2014,23,661,5.560,101,6,554,152,402,1800,151,78,187,106,32,195,359,501,53,45,8,359,195,339,162,20,33,19,26,1,7,196,68,290,194,68,239,2,0,51,43,511,43,458,0,53
2014,24,364,1.530,42,7,315,73,242,2295,74,49,81,63,48,51,264,276,39,31,8,182,133,168,108,14,25,14,17,0,8,97,44,174,96,44,136,1,0,38,21,294,21,255,0,39
2014,25,1692,7.960,210,7,1475,206,1269,1700,209,231,656,256,123,367,1108,1320,155,134,21,903,572,840,480,63,92,56,78,7,14,457,189,829,450,188,682,7,1,147,118,1357,115,1205,3,152
2014,26,408,8.970,40,4,364,61,303,2000,61,44,146,71,42,131,233,326,38,33,5,234,130,217,109,17,21,15,18,2,3,135,44,185,133,43,150,2,1,35,32,332,30,296,2,36
2014,27,422,7.760,41,2,379,57,322,1616.350,57,98,115,64,45,76,303,344,35,31,4,204,175,195,149,9,26,9,22,0,4,119,89,171,118,88,138,1,1,33,22,357,21,323,1,34
2014,28,481,2.720,40,4,437,82,355,2460.440,77,97,83,104,76,15,422,366,71,33,38,234,203,213,153,21,50,16,17,5,33,145,78,214,142,75,149,3,3,65,27,410,25,341,2,69
2014,29,638,7.070,70,7,561,108,453,2200,107,58,202,124,70,187,374,506,55,40,15,365,196,349,157,16,39,13,27,3,12,210,66,285,208,66,232,2,0,53,55,506,55,451,0,55
2014,30,385,3.310,48,2,335,77,258,1607,76,62,116,64,17,136,199,296,39,25,14,223,112,206,90,17,22,12,13,5,9,140,41,154,138,40,118,2,1,36,27,308,27,269,0,39
2014,31,184,2.080,22,1,161,41,120,1880,40,25,62,29,5,50,111,152,9,9,0,92,69,90,62,2,7,2,7,0,0,59,24,78,59,24,69,0,0,9,12,149,12,140,0,9
2014,32,274,2.760,12,0,262,12,250,3464.430,11,19,65,95,72,7,255,237,25,24,1,103,159,96,141,7,18,6,18,1,0,61,75,126,59,74,104,2,1,22,23,239,22,215,1,24
2014,33,278,4.590,22,4,252,38,214,3069.090,35,37,58,70,52,4,248,210,42,34,8,139,113,121,89,18,24,17,17,1,7,91,50,111,89,49,72,2,1,39,21,231,20,190,1,41
2014,34,91,2.660,6,0,85,7,78,483.490,5,51,16,7,6,8,77,76,9,6,3,39,46,37,39,2,7,1,5,1,2,26,32,27,26,32,18,0,0,9,5,80,5,71,0,9
2014,35,453,5.470,23,3,427,41,386,1366.620,41,119,184,56,27,10,417,396,31,21,10,230,197,219,177,11,20,8,13,3,7,165,109,153,163,109,124,2,0,29,27,400,26,370,1,30
2014,36,197,8.250,15,1,181,9,172,1837.970,9,24,96,42,10,4,177,169,12,10,2,100,81,92,77,8,4,8,2,0,2,75,39,67,74,39,56,1,0,11,9,172,9,160,0,12
2014,37,66,7.890,3,0,63,15,48,788.990,13,28,14,6,2,10,53,55,8,4,4,34,29,30,25,4,4,2,2,2,2,22,19,22,22,19,14,0,0,8,2,61,2,53,0,8
2014,38,482,5.950,52,3,427,37,390,1890.750,37,92,148,95,55,51,376,383,44,39,5,248,179,236,147,12,32,11,28,1,4,143,67,217,139,65,179,4,2,38,29,398,28,355,1,43
2014,39,385,5.680,19,5,361,28,333,1819.700,28,66,156,74,37,19,342,329,32,28,4,201,160,183,146,18,14,17,11,1,3,86,60,215,84,60,185,2,0,30,34,327,32,297,2,30
2014,40,354,8.670,27,5,322,38,284,2138.500,38,33,132,90,29,35,287,294,28,22,6,213,109,202,92,11,17,9,13,2,4,111,33,178,110,33,151,1,0,27,26,296,25,269,1,27
2014,41,356,3.930,16,0,340,24,316,1894.800,22,54,166,66,32,13,327,309,31,26,5,183,157,170,139,13,18,12,14,1,4,112,69,159,111,69,129,1,0,30,29,311,29,280,0,31
2014,42,574,7.060,59,6,509,81,428,2000,81,86,173,113,56,89,420,455,54,44,10,319,190,299,156,20,34,18,26,2,8,180,64,265,179,62,214,1,2,51,39,470,39,416,0,54
2014,43,1792,8.590,107,6,1679,288,1391,1723,284,226,730,317,122,181,1498,1540,139,114,25,1051,628,995,545,56,83,50,64,6,19,569,211,899,562,209,769,7,2,130,125,1554,123,1417,2,137
2014,44,856,8.830,55,2,799,117,682,1577,111,129,382,123,54,126,673,735,64,53,11,485,314,455,280,30,34,24,29,6,5,238,103,458,233,103,399,5,0,59,68,731,66,669,2,62
2014,45,85,5.780,18,0,67,9,58,1828.420,9,6,28,16,8,19,48,61,6,5,1,38,29,35,26,3,3,2,3,1,0,20,10,37,20,10,31,0,0,6,6,61,6,55,0,6
2014,46,532,7.560,54,4,474,93,381,2060,86,53,191,106,38,171,303,432,42,36,6,317,157,302,130,15,27,14,22,1,5,184,62,228,183,60,189,1,2,39,54,420,51,381,3,39
2014,47,25,4.480,5,0,20,10,10,1775,10,3,3,3,1,6,14,18,2,2,0,14,6,12,6,2,0,2,0,0,0,8,4,8,8,4,6,0,0,2,2,18,2,16,0,2
2014,48,89,6.150,12,1,76,26,50,2412.500,26,6,20,18,6,28,48,61,15,12,3,41,35,34,27,7,8,5,7,2,1,21,7,48,21,7,33,0,0,15,4,72,3,58,1,14
2014,49,511,7.150,69,3,439,89,350,1669.640,83,54,196,72,34,149,290,397,42,31,11,287,152,274,123,13,29,10,21,3,8,157,52,230,155,51,191,2,1,39,30,409,30,367,0,42
2014,50,76,4.350,13,1,62,5,57,736,5,33,15,7,2,15,47,57,5,4,1,31,31,29,28,2,3,2,2,0,1,19,15,28,19,15,23,0,0,5,4,58,4,53,0,5
2014,51,126,6.230,11,1,114,26,88,1720.180,26,27,31,21,9,38,76,107,7,2,5,68,46,67,40,1,6,1,1,0,5,43,20,51,43,20,44,0,0,7,8,106,8,99,0,7
2014,52,65,2.880,10,0,55,16,39,1875,16,5,22,9,3,23,32,45,10,10,0,29,26,28,17,1,9,1,9,0,0,15,9,31,15,9,21,0,0,10,6,49,6,39,0,10
2014,53,285,7.440,30,7,248,65,183,2030,65,31,84,51,17,113,135,227,21,16,5,153,95,142,85,11,10,9,7,2,3,88,40,120,86,40,101,2,0,19,22,226,21,206,1,20
2014,54,255,11.860,5,1,249,28,221,623.990,28,158,54,8,1,7,242,234,15,5,10,161,88,157,77,4,11,2,3,2,8,133,53,63,133,51,50,0,2,13,10,239,10,224,0,15
2014,55,38,3.570,9,0,29,2,27,1566.650,1,4,15,5,4,5,24,28,1,1,0,17,12,17,11,0,1,0,1,0,0,12,6,11,12,6,10,0,0,1,1,28,1,27,0,1
2014,56,72,3.110,12,1,59,13,46,2927.500,13,7,13,16,10,17,42,50,9,8,1,33,26,31,19,2,7,2,6,0,1,24,8,27,24,8,18,0,0,9,1,58,1,49,0,9
2014,57,50,3,9,0,41,7,34,1695,7,12,11,8,3,23,18,35,6,5,1,24,17,23,12,1,5,1,4,0,1,14,4,23,13,4,18,1,0,5,4,37,4,31,0,6
2014,58,232,3.480,49,2,181,53,128,1750,53,27,59,30,12,82,99,156,25,22,3,116,65,101,55,15,10,15,7,0,3,66,31,84,64,31,61,2,0,23,12,169,11,145,1,24
2014,59,70,2.960,10,0,60,15,45,2100,15,6,21,15,3,22,38,52,8,7,1,38,22,34,18,4,4,4,3,0,1,21,9,30,20,9,23,1,0,7,6,54,6,46,0,8
2014,60,137,1.970,13,0,124,22,102,2100,22,16,44,30,12,38,86,109,15,11,4,73,51,66,43,7,8,7,4,0,4,31,20,73,31,19,59,0,1,14,5,119,4,105,1,14
2014,61,401,4.800,80,3,318,69,249,1800,67,59,103,55,34,144,174,283,35,33,2,209,109,195,88,14,21,14,19,0,2,122,24,172,120,24,139,2,0,33,22,296,20,263,2,33
2014,62,42,2.890,11,0,31,6,25,1800,6,2,14,6,3,6,25,28,3,3,0,17,14,15,13,2,1,2,1,0,0,7,4,20,7,4,17,0,0,3,0,31,0,28,0,3
2014,63,163,3.560,18,3,142,49,93,1800,50,21,42,19,10,57,85,119,23,18,5,73,69,65,54,8,15,7,11,1,4,38,22,82,38,22,59,0,0,23,5,137,5,114,0,23
2014,64,63,2.400,13,0,50,11,39,2220,11,8,15,13,3,11,39,44,6,6,0,26,24,22,22,4,2,4,2,0,0,17,10,23,16,10,18,1,0,5,5,45,5,39,0,6
2014,65,192,7.800,30,1,161,29,132,3601.820,28,17,31,37,48,20,141,147,14,12,2,107,54,100,47,7,7,7,5,0,2,44,21,96,43,21,83,1,0,13,17,144,15,132,2,12
2014,66,678,6.760,76,4,598,107,491,1600,107,108,245,103,35,146,452,540,58,48,10,404,194,380,160,24,34,23,25,1,9,232,56,310,231,56,253,1,0,57,49,549,48,492,1,57
2014,67,425,7.140,77,6,342,96,246,2375,95,29,103,77,38,154,188,323,19,14,5,234,108,223,100,11,8,9,5,2,3,129,49,164,129,49,145,0,0,19,30,312,29,294,1,18
2014,68,663,8.100,100,1,562,139,423,1950,139,66,195,105,57,234,328,502,60,49,11,364,198,339,163,25,35,20,29,5,6,190,82,290,188,80,234,2,2,56,44,518,44,458,0,60
2014,69,703,7.620,79,5,619,147,472,1669,141,96,229,101,52,144,475,569,50,36,14,413,206,391,178,22,28,17,19,5,9,228,83,308,223,83,263,5,0,45,56,563,54,515,2,48
2014,70,126,6.320,30,2,94,29,65,2450,29,7,26,23,9,22,72,74,20,17,3,41,53,34,40,7,13,7,10,0,3,20,15,59,19,15,40,1,0,19,5,89,4,70,1,19
2014,71,865,8.240,85,12,768,117,651,1605,118,120,343,131,56,156,612,704,64,56,8,481,287,456,248,25,39,22,34,3,5,248,90,430,246,87,371,2,3,59,66,702,60,644,6,58
2014,72,57,3.680,10,2,45,14,31,3303.860,14,2,9,14,6,7,38,41,4,4,0,26,19,24,17,2,2,2,2,0,0,10,4,31,10,4,27,0,0,4,3,42,3,38,0,4
2014,73,180,5.520,20,2,158,34,124,1950,34,10,67,30,17,42,116,140,18,13,5,92,66,82,58,10,8,8,5,2,3,48,25,85,48,25,67,0,0,18,12,146,11,129,1,17
2014,74,47,4.950,6,0,41,6,35,2206.580,6,2,22,9,2,1,40,39,2,2,0,26,15,25,14,1,1,1,1,0,0,20,7,14,19,7,13,1,0,1,3,38,3,36,0,2
2014,75,143,5.910,24,2,117,41,76,2583.500,39,7,32,24,15,31,86,108,9,7,2,69,48,64,44,5,4,4,3,1,1,34,15,68,34,15,59,0,0,9,11,106,10,98,1,8
2014,76,86,2.480,1,0,85,3,82,1991.900,3,14,41,21,6,5,80,76,9,9,0,42,43,40,36,2,7,2,7,0,0,22,22,41,22,22,32,0,0,9,13,72,13,63,0,9
2014,77,471,2.340,43,1,427,76,351,2037,78,35,177,97,40,19,408,393,34,22,12,221,206,208,185,13,21,10,12,3,9,120,70,237,119,70,204,1,0,33,36,391,36,357,0,34
2015,1,660,3.330,66,5,589,123,466,2122.580,124,80,210,127,48,34,555,527,62,50,12,335,254,302,225,33,29,29,21,4,8,178,118,293,173,116,238,5,2,55,73,516,71,456,2,60
2015,2,414,2.880,67,1,346,79,267,2619.500,78,21,107,96,44,42,304,293,53,46,7,185,161,161,132,24,29,20,26,4,3,89,68,189,87,66,140,2,2,49,42,304,42,251,0,53
2015,3,455,2.030,31,5,419,110,309,1930,110,60,134,80,35,12,407,374,45,41,4,223,196,206,168,17,28,17,24,0,4,146,87,186,144,83,147,2,4,39,44,375,44,330,0,45
2015,4,123,1.080,16,1,106,26,80,2616,27,6,31,30,12,6,100,90,16,14,2,53,53,47,43,6,10,5,9,1,1,27,29,50,27,29,34,0,0,16,12,94,11,79,1,15
2015,5,42,0.590,5,0,37,13,24,2150,13,1,12,5,6,2,35,33,4,4,0,13,24,11,22,2,2,2,2,0,0,7,13,17,7,13,13,0,0,4,2,35,1,32,1,3
2015,6,292,0.840,23,1,268,37,231,2868.140,36,15,89,70,58,1,267,235,33,27,6,139,129,127,108,12,21,11,16,1,5,67,52,149,66,51,118,1,1,31,31,237,31,204,0,33
2015,7,137,0.720,16,1,120,11,109,3085,11,14,31,35,29,4,116,98,22,22,0,60,60,46,52,14,8,14,8,0,0,30,29,61,28,28,42,2,1,19,7,113,6,92,1,21
2015,8,613,1.880,33,8,572,78,494,2918.750,77,92,118,149,136,11,561,492,80,64,16,283,289,249,243,34,46,30,34,4,12,160,142,270,155,141,196,5,1,74,77,495,73,419,4,76
2015,9,12,1.250,4,0,8,1,7,2925,1,1,2,3,1,0,8,7,1,1,0,5,3,5,2,0,1,0,1,0,0,3,1,4,3,1,3,0,0,1,1,7,1,6,0,1
2015,10,48,1.370,6,0,42,4,38,2379.500,4,5,17,10,6,7,35,39,3,3,0,28,14,26,13,2,1,2,1,0,0,16,7,19,16,7,16,0,0,3,6,36,6,33,0,3
2015,11,56,1.510,13,0,43,10,33,1800,10,0,21,9,3,9,34,38,5,5,0,28,15,24,14,4,1,4,1,0,0,13,6,24,13,6,19,0,0,5,3,40,3,35,0,5
2015,12,25,2.900,6,0,19,4,15,2000,4,1,7,4,3,2,17,15,4,4,0,8,11,8,7,0,4,0,4,0,0,7,2,10,7,2,6,0,0,4,3,16,3,12,0,4
2015,13,57,1.680,10,0,47,9,38,3200,9,1,12,12,13,3,44,40,7,7,0,27,20,22,18,5,2,5,2,0,0,15,7,25,14,7,19,1,0,6,6,41,5,35,1,6
2015,14,228,2.190,53,2,173,36,137,2000,36,22,65,32,18,22,151,145,28,23,5,111,62,101,44,10,18,9,14,1,4,59,20,94,58,20,67,1,0,27,22,151,21,124,1,27
2015,15,266,2.620,50,3,213,44,169,1990,43,20,88,39,23,51,162,183,30,29,1,133,80,119,64,14,16,14,15,0,1,80,30,103,78,30,75,2,0,28,25,188,24,159,1,29
2015,16,257,2.300,43,1,213,48,165,1912.500,48,20,87,42,16,35,178,179,34,29,5,114,99,103,76,11,23,10,19,1,4,63,36,114,62,36,81,1,0,33,17,196,16,163,1,33
2015,17,110,2.750,29,0,81,13,68,2082.500,13,13,29,16,10,23,58,64,17,16,1,50,31,39,25,11,6,11,5,0,1,25,10,46,24,10,30,1,0,16,13,68,11,53,2,15
2015,18,42,2.390,9,1,32,5,27,2045,4,7,10,6,5,4,28,28,4,4,0,19,13,18,10,1,3,1,3,0,0,11,6,15,11,6,11,0,0,4,6,26,6,22,0,4
2015,19,407,3.580,96,2,309,75,234,1687.500,73,39,118,58,21,62,247,272,37,31,6,193,116,176,96,17,20,14,17,3,3,102,50,157,101,50,121,1,0,36,27,282,27,245,0,37
2015,20,155,3.880,43,3,109,18,91,2092.370,17,8,50,23,11,23,86,100,9,7,2,69,40,64,36,5,4,4,3,1,1,37,18,54,37,18,45,0,0,9,19,90,19,81,0,9
2015,21,187,2.210,38,4,145,40,105,2500,39,9,43,34,20,35,110,124,21,17,4,73,72,65,59,8,13,6,11,2,2,42,32,71,42,32,50,0,0,21,8,137,8,116,0,21
2015,22,287,1.490,59,6,222,50,172,2100,50,20,79,46,27,35,187,195,27,22,5,129,93,123,72,6,21,5,17,1,4,68,35,119,68,35,92,0,0,27,22,200,22,173,0,27
2015,23,602,5.110,126,0,476,76,400,1750,77,94,172,98,35,155,321,424,52,49,3,310,166,290,134,20,32,20,29,0,3,168,66,242,164,66,194,4,0,48,63,413,61,363,2,50
2015,24,358,1.500,62,5,291,56,235,2451.090,57,36,82,66,50,37,254,240,51,39,12,148,143,123,117,25,26,19,20,6,6,81,64,146,78,64,98,3,0,48,17,274,16,224,1,50
2015,25,1494,7.090,218,9,1267,149,1118,1653.670,148,248,548,232,91,331,936,1118,149,136,13,790,477,723,395,67,82,61,75,6,7,386,180,701,372,178,568,14,2,133,179,1088,168,950,11,138
2015,26,311,6.970,56,0,255,28,227,1700,30,50,107,45,23,83,172,226,29,26,3,168,87,152,74,16,13,15,11,1,2,84,41,130,83,41,102,1,0,28,36,219,36,190,0,29
2015,27,337,6.140,47,2,288,49,239,1680.630,48,66,100,50,24,54,234,253,35,24,11,158,130,147,106,11,24,9,15,2,9,86,63,139,84,62,107,2,1,32,22,266,20,233,2,33
2015,28,490,2.670,59,4,427,55,372,2290.800,55,100,97,118,57,17,410,373,54,36,18,225,202,203,170,22,32,22,14,0,18,135,102,190,133,102,138,2,0,52,43,384,43,330,0,54
2015,29,620,6.860,131,4,485,80,405,1950,78,64,199,96,48,137,348,418,67,54,13,315,170,292,126,23,44,19,35,4,9,155,49,281,154,48,216,1,1,65,59,426,57,361,2,65
2015,30,372,3.150,74,3,295,60,235,1500,62,45,123,50,15,122,173,266,29,24,5,196,99,188,78,8,21,8,16,0,5,118,30,147,117,30,119,1,0,28,34,261,33,233,1,28
2015,31,144,1.630,18,1,125,23,102,1650,24,19,55,20,7,45,80,110,15,9,6,67,58,60,50,7,8,6,3,1,5,36,22,67,34,22,54,2,0,13,6,119,6,104,0,15
2015,32,310,2.880,13,2,295,15,280,3566.290,15,17,73,106,84,3,292,260,35,34,1,129,166,109,151,20,15,19,15,1,0,76,96,123,73,95,92,3,1,31,42,253,37,223,5,30
2015,33,184,2.930,10,1,173,20,153,2822.090,21,14,56,42,40,2,171,161,12,9,3,94,79,90,71,4,8,4,5,0,3,60,35,78,59,35,67,1,0,11,26,147,26,135,0,12
2015,34,32,0.930,2,1,29,6,23,1936.400,6,4,9,7,3,5,24,25,4,0,4,13,16,12,13,1,3,0,0,1,3,7,5,17,7,5,13,0,0,4,0,29,0,25,0,4
2015,35,321,3.870,28,1,292,32,260,1369,29,59,158,32,14,8,284,267,25,16,9,140,152,133,134,7,18,6,10,1,8,92,68,132,92,67,108,0,1,24,35,257,35,232,0,25
2015,36,122,4.940,9,1,112,6,106,1776.880,6,22,52,28,4,3,109,97,15,10,5,65,47,58,39,7,8,6,4,1,4,41,25,46,40,24,33,1,1,13,7,105,7,90,0,15
2015,37,48,5.840,6,0,42,11,31,1051.750,11,15,10,4,2,9,33,39,3,1,2,29,13,29,10,0,3,0,1,0,2,19,4,19,19,4,16,0,0,3,4,38,4,35,0,3
2015,38,538,6.490,79,8,451,48,403,1987.940,48,82,160,106,55,49,402,396,55,50,5,251,200,227,169,24,31,24,26,0,5,120,77,254,120,76,200,0,1,54,47,404,46,350,1,54
2015,39,380,5.540,31,3,346,41,305,2100,40,45,149,81,31,21,325,297,49,42,7,172,174,150,147,22,27,20,22,2,5,73,73,200,69,71,157,4,2,43,30,316,28,269,2,47
2015,40,388,9.190,54,5,329,49,280,1700,49,47,147,66,20,47,282,284,45,38,7,203,126,184,100,19,26,18,20,1,6,87,42,200,85,41,158,2,1,42,43,286,42,242,1,44
2015,41,322,3.540,22,2,298,18,280,2031.450,16,55,114,70,43,2,296,259,39,36,3,170,128,149,110,21,18,20,16,1,2,88,67,143,87,65,107,1,2,36,31,267,30,229,1,38
2015,42,476,5.810,47,9,420,64,356,1988.750,62,59,171,79,49,75,345,365,55,49,6,259,161,230,135,29,26,27,22,2,4,129,44,247,124,44,197,5,0,50,54,366,51,314,3,52
2015,43,1910,9.240,180,8,1722,256,1466,1632.500,250,324,712,298,138,149,1573,1561,161,140,21,1080,642,1001,560,79,82,73,67,6,15,538,258,926,531,256,774,7,2,152,214,1508,208,1353,6,155
2015,44,803,8.430,100,1,702,93,609,1500,92,144,327,102,37,109,593,642,60,55,5,453,249,425,217,28,32,28,27,0,5,237,99,366,234,97,311,3,2,55,80,622,78,564,2,58
2015,45,101,6.820,18,0,83,9,74,1955,9,10,34,19,11,18,65,71,12,10,2,60,23,55,16,5,7,4,6,1,1,26,6,51,25,6,40,1,0,11,14,69,14,57,0,12
2015,46,512,7.420,83,2,427,59,368,1789.220,56,59,201,76,35,136,291,376,51,42,9,288,139,267,109,21,30,15,27,6,3,131,49,247,127,48,201,4,1,46,51,376,50,326,1,50
2015,47,29,5.130,8,0,21,7,14,3026.500,7,1,5,6,2,9,12,20,1,1,0,10,11,10,10,0,1,0,1,0,0,8,6,7,8,6,6,0,0,1,0,21,0,20,0,1
2015,48,85,5.910,30,1,54,8,46,2923,8,5,15,19,7,16,38,40,14,14,0,31,23,23,17,8,6,8,6,0,0,8,6,40,8,5,27,0,1,13,6,48,4,36,2,12
2015,49,505,7.040,95,2,408,78,330,1692,75,51,183,57,42,127,281,365,43,33,10,264,144,243,122,21,22,18,15,3,7,134,72,202,132,72,161,2,0,41,50,358,48,317,2,41
2015,50,102,5.800,6,1,95,10,85,727.300,10,56,17,8,4,23,72,84,11,7,4,42,53,38,46,4,7,1,6,3,1,26,37,32,26,37,21,0,0,11,8,87,8,76,0,11
2015,51,89,4.320,20,0,69,14,55,1700,14,17,24,12,2,19,50,63,6,6,0,48,21,45,18,3,3,3,3,0,0,30,9,30,30,9,24,0,0,6,7,62,7,56,0,6
2015,52,65,2.850,11,1,53,11,42,1943.500,11,6,23,13,0,20,33,43,10,10,0,34,19,31,12,3,7,3,7,0,0,22,8,23,22,8,13,0,0,10,6,47,6,37,0,10
2015,53,284,7.490,62,1,221,35,186,2200,36,35,71,45,34,92,129,191,30,23,7,140,81,128,63,12,18,10,13,2,5,78,25,118,78,25,88,0,0,30,20,201,20,171,0,30
2015,54,163,7.400,2,1,160,20,140,968.240,22,72,46,17,3,3,157,148,12,7,5,84,76,83,65,1,11,1,6,0,5,66,37,57,65,37,46,1,0,11,11,149,11,137,0,12
2015,55,47,4.360,6,0,41,8,33,1784.940,8,7,18,6,2,9,32,35,6,6,0,23,18,19,16,4,2,4,2,0,0,15,11,15,14,11,10,1,0,5,4,37,4,31,0,6
2015,56,60,2.560,16,0,44,10,34,1975,10,4,20,4,6,8,36,37,7,7,0,26,18,26,11,0,7,0,7,0,0,16,9,19,16,8,13,0,1,6,3,41,3,34,0,7
2015,57,60,3.440,11,1,48,14,34,2050,14,5,15,10,4,13,35,36,12,11,1,20,28,16,20,4,8,4,7,0,1,12,10,26,12,10,14,0,0,12,3,45,3,33,0,12
2015,58,201,3.030,35,0,166,43,123,1600,44,27,54,27,14,63,103,140,26,22,4,103,63,94,46,9,17,9,13,0,4,62,24,80,61,24,55,1,0,25,20,146,19,121,1,25
2015,59,79,3.320,19,2,58,14,44,1800,15,7,24,8,4,25,33,49,9,8,1,40,18,36,13,4,5,4,4,0,1,22,7,29,22,7,20,0,0,9,6,52,6,43,0,9
2015,60,108,1.540,17,1,90,10,80,1905,11,12,37,20,10,25,65,73,17,12,5,52,38,48,25,4,13,4,8,0,5,30,10,50,29,10,34,1,0,16,11,79,10,63,1,16
2015,61,388,4.580,84,1,303,62,241,1620,62,59,111,51,20,146,157,272,31,30,1,210,93,194,78,16,15,16,14,0,1,113,37,153,110,37,125,3,0,28,45,258,43,229,2,29
2015,62,51,3.400,22,0,29,7,22,2800,7,2,7,12,1,9,20,25,4,2,2,17,12,15,10,2,2,1,1,1,1,10,6,13,10,6,9,0,0,4,1,28,1,24,0,4
2015,63,188,4.030,47,0,141,23,118,1560,23,22,62,21,13,44,97,127,14,12,2,100,41,92,35,8,6,7,5,1,1,60,14,67,58,14,55,2,0,12,18,123,18,109,0,14
2015,64,74,2.710,21,0,53,5,48,1900,4,4,28,13,4,11,42,46,7,7,0,39,14,35,11,4,3,4,3,0,0,18,7,28,18,7,21,0,0,7,3,50,3,43,0,7
2015,65,115,4.520,39,0,76,12,64,2685.680,13,9,19,24,11,23,53,64,12,12,0,43,33,39,25,4,8,4,8,0,0,22,13,41,22,13,29,0,0,12,6,70,6,58,0,12
2015,66,671,6.670,129,5,537,74,463,1700,73,92,228,113,31,171,366,474,63,50,13,338,199,315,159,23,40,19,31,4,9,180,60,297,175,60,239,5,0,58,69,468,65,409,4,59
2015,67,454,7.750,115,0,339,67,272,2050,66,49,110,75,39,165,174,297,42,38,4,224,115,208,89,16,26,15,23,1,3,122,49,168,117,49,131,5,0,37,44,295,43,254,1,41
2015,68,600,7.460,110,6,484,75,409,1915,72,78,203,87,44,168,316,426,58,54,4,334,150,309,117,25,33,24,30,1,3,168,53,263,168,52,206,0,1,57,70,414,70,356,0,58
2015,69,810,8.860,148,7,655,93,562,1508,91,153,264,109,38,144,511,594,61,51,10,436,219,406,188,30,31,28,23,2,8,225,78,352,221,76,297,4,2,55,64,591,62,532,2,59
2015,70,127,6.140,42,2,83,21,62,2777.500,21,7,21,21,13,20,63,58,25,22,3,47,36,37,21,10,15,9,13,1,2,21,15,47,19,14,25,2,1,22,5,78,4,54,1,24
2015,71,849,8,128,6,715,70,645,1616.190,69,131,336,131,48,155,560,651,64,56,8,469,246,440,211,29,35,27,29,2,6,234,80,401,232,80,339,2,0,62,88,627,88,563,0,64
2015,72,65,4.200,17,1,47,11,36,2400,10,4,17,12,4,3,44,36,11,11,0,27,20,21,15,6,5,6,5,0,0,10,3,34,9,3,24,1,0,10,3,44,3,33,0,11
2015,73,206,6.290,65,0,141,18,123,2100,17,15,56,38,15,36,105,120,21,19,2,83,58,73,47,10,11,10,9,0,2,38,21,82,37,21,62,1,0,20,18,123,17,103,1,20
2015,74,50,5.160,2,0,48,4,44,1849.800,4,6,27,6,5,0,48,43,5,5,0,31,17,29,14,2,3,2,3,0,0,22,8,18,22,8,13,0,0,5,10,38,10,33,0,5
2015,75,121,4.850,31,1,89,12,77,2715,12,7,26,27,17,18,71,82,7,7,0,58,31,55,27,3,4,3,4,0,0,30,14,45,30,14,38,0,0,7,12,77,12,70,0,7
2015,76,64,1.800,3,0,61,7,54,2251.360,7,5,26,18,5,3,58,55,6,6,0,32,29,31,24,1,5,1,5,0,0,21,11,29,21,10,24,0,1,5,8,53,8,47,0,6
2015,77,461,2.280,47,5,409,146,263,2323.500,145,34,104,80,46,11,398,358,51,42,9,211,198,189,169,22,29,19,23,3,6,120,85,204,118,82,158,2,3,46,38,371,35,323,3,48
2016,1,553,2.750,56,5,492,99,393,2157.500,98,47,193,107,47,37,455,431,61,54,7,289,203,255,176,34,27,32,22,2,5,166,103,223,159,103,169,7,0,54,72,420,67,364,5,56
2016,2,377,2.550,71,6,300,56,244,2666.890,56,18,93,86,47,29,271,253,47,43,4,178,122,152,101,26,21,26,17,0,4,91,49,160,87,48,118,4,1,42,43,257,40,213,3,44
2016,3,407,1.810,34,1,372,114,258,1945,115,59,93,75,30,12,360,328,44,27,17,194,178,173,155,21,23,17,10,4,13,110,80,182,106,80,142,4,0,40,41,331,39,289,2,42
2016,4,91,0.790,11,1,79,17,62,2505,16,6,25,22,10,5,74,69,10,9,1,45,34,38,31,7,3,7,2,0,1,24,16,39,23,16,30,1,0,9,8,71,7,62,1,9
2016,5,46,0.650,8,0,38,7,31,2700,7,4,9,12,6,2,36,33,5,5,0,13,25,10,23,3,2,3,2,0,0,7,10,21,7,10,16,0,0,5,2,36,1,32,1,4
2016,6,246,0.710,21,2,223,22,201,2865.250,22,11,59,89,42,7,216,195,28,27,1,118,105,103,92,15,13,15,12,0,1,71,47,105,71,46,78,0,1,27,38,185,35,160,3,25
2016,7,152,0.800,20,2,130,27,103,2553.870,27,16,33,28,26,3,127,106,24,18,6,63,67,57,49,6,18,5,13,1,5,35,29,66,35,29,42,0,0,24,13,117,13,93,0,24
2016,8,525,1.560,42,5,478,50,428,2724.220,50,71,124,127,106,7,471,420,58,51,7,225,253,200,220,25,33,24,27,1,6,122,129,227,119,129,172,3,0,55,65,413,61,359,4,54
2016,9,8,0.820,1,0,7,2,5,2543.210,2,0,2,2,1,0,7,4,3,3,0,2,5,0,4,2,1,2,1,0,0,0,3,4,0,3,1,0,0,3,0,7,0,4,0,3
2016,10,51,1.460,9,0,42,9,33,2200,9,5,12,11,5,6,36,37,5,4,1,28,14,26,11,2,3,2,2,0,1,17,4,21,16,4,17,1,0,4,5,37,5,32,0,5
2016,11,65,1.700,11,0,54,10,44,2762.410,10,1,16,13,14,6,48,44,10,9,1,37,17,32,12,5,5,5,4,0,1,21,8,25,21,7,16,0,1,9,8,46,7,37,1,9
2016,12,13,1.550,1,0,12,4,8,3130,4,1,2,3,2,0,12,10,2,2,0,6,6,5,5,1,1,1,1,0,0,5,2,5,5,2,3,0,0,2,0,12,0,10,0,2
2016,13,39,1.120,11,0,28,14,14,2300,14,1,8,2,3,5,23,26,2,2,0,15,13,14,12,1,1,1,1,0,0,9,5,14,8,5,13,1,0,1,4,24,4,22,0,2
2016,14,171,1.660,35,3,133,30,103,2466.040,29,12,41,28,23,14,119,118,15,14,1,72,61,67,51,5,10,5,9,0,1,40,23,70,40,23,55,0,0,15,29,104,29,89,0,15
2016,15,241,2.390,43,0,198,27,171,2200,26,16,80,49,27,24,174,170,28,26,2,122,76,109,61,13,15,12,14,1,1,60,34,104,58,32,80,2,2,24,31,167,30,140,1,27
2016,16,170,1.500,34,1,135,24,111,2300,24,14,48,30,19,20,115,116,19,17,2,83,52,72,44,11,8,9,8,2,0,39,18,78,38,18,60,1,0,18,19,116,18,98,1,18
2016,17,97,2.350,33,1,63,14,49,3100,13,10,11,16,13,16,47,56,7,7,0,39,24,38,18,1,6,1,6,0,0,26,9,28,26,9,21,0,0,7,9,54,9,47,0,7
2016,18,52,2.970,12,0,40,5,35,2180,5,5,14,10,6,4,36,36,4,4,0,26,14,22,14,4,0,4,0,0,0,8,5,27,8,5,23,0,0,4,2,38,2,34,0,4
2016,19,339,3,81,3,255,51,204,2100,52,28,98,53,24,63,192,219,36,35,1,163,92,145,74,18,18,18,17,0,1,84,31,140,83,30,106,1,1,34,32,223,30,189,2,34
2016,20,134,3.340,34,1,99,17,82,2251.500,15,8,42,27,7,26,73,87,12,10,2,65,34,60,27,5,7,5,5,0,2,37,11,51,37,11,39,0,0,12,16,83,16,71,0,12
2016,21,144,1.670,25,1,118,23,95,2482.500,24,7,41,32,14,20,98,99,19,18,1,59,59,49,50,10,9,10,8,0,1,28,21,69,27,21,51,1,0,18,15,103,13,86,2,17
2016,22,219,1.140,33,0,186,41,145,2400,41,25,53,44,23,27,159,160,26,23,3,117,69,103,57,14,12,13,10,1,2,61,35,90,58,35,67,3,0,23,33,153,32,128,1,25
2016,23,506,4.330,115,5,386,68,318,2194.500,68,45,144,90,39,106,280,336,50,43,7,268,118,238,98,30,20,25,18,5,2,149,40,197,147,39,150,2,1,47,56,330,56,280,0,50
2016,24,242,1.010,34,3,205,38,167,2600,38,26,54,55,32,28,177,174,31,29,2,107,98,90,84,17,14,16,13,1,1,55,39,111,54,39,81,1,0,30,23,182,21,153,2,29
2016,25,1346,6.450,213,14,1119,143,976,1791,139,166,511,209,94,255,864,991,128,110,18,692,427,635,356,57,71,52,58,5,13,320,126,673,313,123,555,7,3,118,161,958,158,833,3,125
2016,26,286,6.530,43,2,241,31,210,1990,31,25,103,55,27,61,180,215,26,22,4,148,93,138,77,10,16,10,12,0,4,50,32,159,49,31,135,1,1,24,28,213,28,187,0,26
2016,27,305,5.500,70,3,232,38,194,2009.950,38,48,70,49,27,44,188,195,37,23,14,139,93,127,68,12,25,12,11,0,14,66,27,139,64,25,106,2,2,33,36,196,35,160,1,36
2016,28,449,2.360,36,2,411,52,359,2178.500,52,95,105,91,68,8,403,357,54,38,16,206,205,178,179,28,26,23,15,5,11,121,87,203,115,86,156,6,1,47,51,360,48,309,3,51
2016,29,553,6.100,84,3,466,98,368,2100,94,44,185,98,45,131,335,401,65,59,6,275,191,247,154,28,37,27,32,1,5,127,72,267,125,71,205,2,1,62,38,428,36,365,2,63
2016,30,359,3,85,0,274,64,210,1800,61,48,98,50,17,101,173,239,35,33,2,185,89,168,71,17,18,16,17,1,1,88,34,152,87,33,119,1,1,33,32,242,32,207,0,35
2016,31,106,1.200,22,0,84,13,71,1909.940,13,11,33,21,6,29,55,73,11,9,2,50,34,44,29,6,5,5,4,1,1,30,13,41,29,13,31,1,0,10,11,73,9,64,2,9
2016,32,274,2.370,22,3,249,15,234,3641.900,14,15,54,92,74,2,247,215,34,34,0,124,125,105,110,19,15,19,15,0,0,57,65,127,56,64,95,1,1,32,45,204,42,173,3,31
2016,33,188,2.900,19,0,169,31,138,2819.300,19,26,42,45,37,1,168,141,28,25,3,84,85,69,72,15,13,14,11,1,2,43,47,79,41,47,53,2,0,26,17,152,16,125,1,27
2016,34,33,0.960,3,0,30,5,25,2824.830,5,5,5,13,2,1,29,26,4,2,2,20,10,19,7,1,3,1,1,0,2,14,5,11,14,4,8,0,1,3,2,28,2,24,0,4
2016,35,341,4.110,50,3,288,26,262,1628.830,26,44,140,52,26,5,283,256,32,22,10,158,130,147,109,11,21,10,12,1,9,95,44,149,91,44,121,4,0,28,43,245,42,214,1,31
2016,36,139,5.460,19,0,120,10,110,2932.500,10,12,36,39,23,2,118,105,15,13,2,72,48,68,37,4,11,4,9,0,2,43,15,62,42,15,48,1,0,14,14,106,13,92,1,14
2016,37,50,6.200,6,0,44,9,35,1544.940,9,13,11,8,3,8,36,38,6,6,0,27,17,25,13,2,4,2,4,0,0,18,6,20,18,6,14,0,0,6,5,39,3,35,2,4
2016,38,469,5.530,68,8,393,42,351,2112.900,42,58,142,106,45,46,347,350,43,39,4,212,181,194,156,18,25,17,22,1,3,113,65,215,112,64,174,1,1,41,44,349,43,307,1,42
2016,39,318,4.590,26,1,291,31,260,2320.750,32,20,119,85,35,13,278,259,32,27,5,161,130,144,115,17,15,16,11,1,4,75,44,172,74,44,141,1,0,31,45,246,43,216,2,30
2016,40,357,8.180,28,3,326,28,298,1768.800,28,58,138,61,41,34,292,282,44,35,9,186,140,167,115,19,25,17,18,2,7,77,42,207,76,41,165,1,1,42,55,271,53,229,2,42
2016,41,276,3.020,23,3,250,20,230,2250,19,37,93,70,31,6,244,221,29,27,2,132,118,121,100,11,18,11,16,0,2,72,48,130,72,47,102,0,1,28,42,208,41,180,1,28
2016,42,419,5.080,42,4,373,52,321,2212.880,51,37,156,93,36,50,323,329,44,38,6,227,146,210,119,17,27,16,22,1,5,117,50,206,116,50,163,1,0,43,45,328,43,286,2,42
2016,43,1683,8.220,159,10,1514,139,1375,1890.670,139,216,666,367,126,144,1370,1367,147,139,8,936,578,863,504,73,74,72,67,1,7,460,203,851,451,202,714,9,1,137,245,1269,242,1125,3,144
2016,44,666,7.110,71,7,588,60,528,1785,60,100,269,122,37,87,501,531,57,56,1,362,226,335,196,27,30,26,30,1,0,160,76,352,159,74,298,1,2,54,86,502,84,447,2,55
2016,45,98,6.580,22,0,76,11,65,1800,11,10,31,17,7,11,65,65,11,9,2,36,40,31,34,5,6,5,4,0,2,16,12,48,16,12,37,0,0,11,11,65,9,56,2,9
2016,46,490,7.240,77,1,412,56,356,1960,55,62,173,100,22,125,287,363,49,45,4,270,142,242,121,28,21,28,17,0,4,118,44,250,117,43,203,1,1,47,70,342,68,295,2,47
2016,47,24,4.190,8,0,16,3,13,1900,3,4,5,2,2,4,12,10,6,4,2,9,7,6,4,3,3,2,2,1,1,2,4,10,2,4,4,0,0,6,1,15,1,9,0,6
2016,48,77,5.390,13,1,63,15,48,2617.500,15,3,20,18,7,20,43,57,6,4,2,34,29,30,27,4,2,3,1,1,1,11,11,41,10,11,36,1,0,5,7,56,7,50,0,6
2016,49,461,6.410,78,2,381,65,316,1742.940,64,55,171,55,36,110,271,335,46,36,10,229,152,208,127,21,25,19,17,2,8,137,68,176,136,68,131,1,0,45,51,330,51,284,0,46
2016,50,105,5.920,18,1,86,15,71,795.250,8,48,22,6,2,11,75,77,9,7,2,39,47,36,41,3,6,3,4,0,2,24,27,35,24,26,27,0,1,8,16,70,16,61,0,9
2016,51,79,3.760,14,2,63,14,49,1952.960,12,7,25,11,8,18,45,56,7,6,1,33,30,30,26,3,4,3,3,0,1,18,15,30,18,15,23,0,0,7,8,55,8,48,0,7
2016,52,61,2.640,10,1,50,14,36,1925,14,5,16,6,9,12,38,39,11,11,0,25,25,22,17,3,8,3,8,0,0,15,6,29,14,6,19,1,0,10,7,43,6,33,1,10
2016,53,241,6.410,59,2,180,33,147,2082.500,30,19,70,38,23,73,107,162,18,17,1,126,54,113,49,13,5,12,5,1,0,57,22,101,57,22,83,0,0,18,32,148,31,131,1,17
2016,54,141,6.260,1,2,138,11,127,1400.880,12,41,59,20,6,6,132,129,9,3,6,99,39,96,33,3,6,3,0,0,6,65,16,57,64,15,50,1,1,7,28,110,27,102,1,8
2016,55,36,3.300,8,0,28,1,27,1998.050,2,2,15,5,4,3,25,26,2,1,1,21,7,19,7,2,0,1,0,1,0,13,5,10,13,5,8,0,0,2,4,24,4,22,0,2
2016,56,68,2.860,21,0,47,14,33,2200,14,0,18,12,3,7,40,40,7,7,0,27,20,23,17,4,3,4,3,0,0,14,8,25,14,6,20,0,2,5,2,45,2,38,0,7
2016,57,29,1.590,6,0,23,6,17,1950,6,2,9,4,2,7,16,17,6,6,0,10,13,7,10,3,3,3,3,0,0,5,4,14,5,4,8,0,0,6,2,21,2,15,0,6
2016,58,182,2.750,49,0,133,26,107,1800,24,23,49,28,9,55,78,117,16,16,0,89,44,81,36,8,8,8,8,0,0,53,12,68,50,12,55,3,0,13,14,119,14,103,0,16
2016,59,67,2.800,21,0,46,12,34,2113.750,12,7,12,11,4,16,30,42,4,4,0,32,14,29,13,3,1,3,1,0,0,22,5,19,21,5,16,1,0,3,3,43,3,39,0,4
2016,60,108,1.520,15,0,93,13,80,2362.500,13,18,24,24,14,23,70,81,12,10,2,59,34,52,29,7,5,6,4,1,1,29,14,50,28,14,39,1,0,11,18,75,18,63,0,12
2016,61,340,3.970,72,3,265,46,219,1930,46,45,96,61,17,119,146,233,32,31,1,170,95,160,73,10,22,10,21,0,1,83,27,155,82,27,124,1,0,31,48,217,48,185,0,32
2016,62,47,3.040,13,0,34,6,28,2211.310,6,7,11,8,2,5,29,32,2,2,0,26,8,24,8,2,0,2,0,0,0,13,4,17,13,4,15,0,0,2,3,31,3,29,0,2
2016,63,135,2.850,34,0,101,21,80,2140,20,17,33,18,13,34,67,86,15,13,2,60,41,53,33,7,8,6,7,1,1,35,15,51,34,15,37,1,0,14,14,87,14,72,0,15
2016,64,70,2.470,18,0,52,11,41,2400,10,1,21,15,5,8,44,43,9,9,0,31,21,26,17,5,4,5,4,0,0,14,9,29,13,9,21,1,0,8,13,39,12,31,1,8
2016,65,96,3.650,25,0,71,12,59,2500,13,8,20,17,13,20,51,59,12,12,0,38,33,32,27,6,6,6,6,0,0,18,16,37,15,16,28,3,0,9,8,63,7,52,1,11
2016,66,615,6.100,121,6,488,57,431,1670,55,83,233,78,39,111,377,444,44,40,4,313,175,294,150,19,25,17,23,2,2,150,50,288,149,48,247,1,2,41,73,415,71,373,2,42
2016,67,410,7.120,100,4,306,66,240,2005,66,37,113,60,30,129,177,275,31,29,2,201,105,185,90,16,15,16,13,0,2,100,38,168,99,38,138,1,0,30,39,267,37,238,2,29
2016,68,505,6.400,98,4,403,81,322,1996.740,80,57,149,71,46,132,271,353,50,47,3,271,132,241,112,30,20,28,19,2,1,133,43,227,130,43,180,3,0,47,48,355,48,305,0,50
2016,69,612,6.750,76,2,534,80,454,1710,79,77,239,104,35,98,436,466,68,58,10,319,215,289,177,30,38,27,31,3,7,155,69,310,151,69,246,4,0,64,90,444,84,382,6,62
2016,70,120,5.610,41,0,79,12,67,2100,12,9,27,14,17,13,66,59,20,20,0,40,39,30,29,10,10,10,10,0,0,15,11,53,14,11,34,1,0,19,10,69,10,49,0,20
2016,71,685,6.390,117,3,565,80,485,1700,74,74,284,96,37,113,452,505,60,51,9,356,209,333,172,23,37,19,32,4,5,163,52,350,162,51,292,1,1,58,104,461,103,402,1,59
2016,72,64,4.130,10,1,53,9,44,2085.270,9,5,23,9,7,3,50,45,8,8,0,25,28,23,22,2,6,2,6,0,0,11,11,31,11,11,23,0,0,8,6,47,6,39,0,8
2016,73,196,5.960,46,0,150,23,127,1992.500,22,18,69,28,13,27,123,135,15,14,1,81,69,76,59,5,10,5,9,0,1,36,22,92,35,22,78,1,0,14,23,127,21,114,2,13
2016,74,35,3.540,5,0,30,0,30,2596.090,0,3,12,10,5,2,28,24,6,6,0,16,14,12,12,4,2,4,2,0,0,6,7,17,6,7,11,0,0,6,7,23,6,18,1,5
2016,75,102,3.970,24,0,78,16,62,2200,16,6,29,13,14,19,59,69,9,8,1,36,42,33,36,3,6,3,5,0,1,16,20,42,16,19,34,0,1,8,5,73,4,65,1,8
2016,76,55,1.520,5,0,50,4,46,2329.440,3,4,22,11,10,6,44,46,4,3,1,37,13,36,10,1,3,0,3,1,0,24,8,18,24,8,14,0,0,4,7,43,7,39,0,4
2016,77,408,2,56,0,352,120,232,2257.590,121,37,84,68,42,12,340,326,26,22,4,169,183,158,168,11,15,11,11,0,4,96,91,165,94,91,141,2,0,24,37,315,36,290,1,25
2017,1,478,2.340,42,3,433,90,343,2190.500,89,44,155,106,39,22,411,368,65,52,13,232,201,206,162,26,39,22,30,4,9,130,82,221,126,81,161,4,1,60,52,381,50,318,2,63
2017,2,367,2.420,48,2,317,80,237,2875.600,81,23,74,89,50,34,283,270,47,46,1,172,145,155,115,17,30,16,30,1,0,92,67,158,91,64,115,1,3,43,33,284,33,237,0,47
2017,3,380,1.690,28,2,350,78,272,1987.500,78,55,111,71,35,8,342,311,39,28,11,191,159,176,135,15,24,14,14,1,10,113,57,180,112,56,143,1,1,37,42,308,41,270,1,38
2017,4,100,0.870,22,0,78,17,61,2700,17,5,24,25,7,4,74,69,9,6,3,38,40,37,32,1,8,1,5,0,3,24,15,39,24,15,30,0,0,9,11,67,11,58,0,9
2017,5,35,0.500,10,0,25,3,22,3196.360,3,1,7,10,4,2,23,22,3,3,0,15,10,14,8,1,2,1,2,0,0,6,3,16,6,3,13,0,0,3,1,24,1,21,0,3
2017,6,257,0.740,14,3,240,27,213,3300,27,8,60,80,65,4,236,208,32,28,4,132,108,113,95,19,13,18,10,1,3,65,41,134,65,41,102,0,0,32,45,195,45,163,0,32
2017,7,108,0.560,8,2,98,20,78,3170.500,20,5,27,25,21,0,98,77,21,15,6,48,50,39,38,9,12,7,8,2,4,28,17,53,26,16,35,2,1,18,10,88,8,69,2,19
2017,8,552,1.590,28,5,519,83,436,3675,82,32,101,155,149,10,509,450,69,64,5,231,288,195,255,36,33,35,29,1,4,123,146,250,118,144,188,5,2,62,74,445,69,381,5,64
2017,9,15,1.520,3,0,12,1,11,2925,1,0,3,6,2,1,11,12,0,0,0,8,4,8,4,0,0,0,0,0,0,6,1,5,6,1,5,0,0,0,4,8,4,8,0,0
2017,10,47,1.340,2,0,45,12,33,3321.530,12,4,7,10,12,4,41,32,13,13,0,27,18,19,13,8,5,8,5,0,0,12,5,28,12,5,15,0,0,13,5,40,5,27,0,13
2017,11,45,1.140,12,0,33,5,28,2486.140,5,3,11,9,5,4,29,25,8,8,0,18,15,16,9,2,6,2,6,0,0,8,5,20,8,4,13,0,1,7,3,30,3,22,0,8
2017,12,18,2.210,2,0,16,3,13,2340,3,1,8,1,3,2,14,13,3,3,0,6,10,6,7,0,3,0,3,0,0,4,3,9,4,3,6,0,0,3,2,14,2,11,0,3
2017,13,50,1.400,6,2,42,6,36,2250,6,2,20,10,4,4,38,36,6,6,0,26,16,23,13,3,3,3,3,0,0,17,6,19,16,6,14,1,0,5,8,34,8,28,0,6
2017,14,197,1.920,23,2,172,29,143,2414.500,30,17,56,56,13,24,148,150,22,19,3,97,75,88,62,9,13,9,10,0,3,53,27,92,51,27,72,2,0,20,19,153,19,131,0,22
2017,15,221,2.210,45,2,174,31,143,1920,33,17,68,37,19,18,156,151,23,18,5,112,62,99,52,13,10,11,7,2,3,51,27,96,50,26,75,1,1,21,24,150,23,128,1,22
2017,16,192,1.680,29,1,162,28,134,2262.500,28,15,57,49,13,21,141,147,15,13,2,102,60,92,55,10,5,9,4,1,1,63,21,78,62,21,64,1,0,14,19,143,18,129,1,14
2017,17,109,2.570,18,1,90,21,69,2607,21,8,24,20,17,9,81,78,12,11,1,56,34,51,27,5,7,4,7,1,0,26,10,54,26,10,42,0,0,12,15,75,14,64,1,11
2017,18,57,3.270,7,2,48,8,40,2290,8,5,18,14,3,10,38,38,10,8,2,29,19,25,13,4,6,3,5,1,1,12,7,29,12,7,19,0,0,10,5,43,5,33,0,10
2017,19,247,2.200,42,3,202,47,155,2350,43,23,61,46,29,37,165,181,21,19,2,128,74,115,66,13,8,12,7,1,1,61,19,122,61,19,101,0,0,21,23,179,23,158,0,21
2017,20,100,2.480,16,0,84,12,72,2190,12,11,33,18,10,22,62,75,9,9,0,52,32,49,26,3,6,3,6,0,0,29,15,40,29,15,31,0,0,9,14,70,14,61,0,9
2017,21,127,1.450,20,3,104,22,82,2400,21,12,31,28,12,25,79,86,18,17,1,56,48,48,38,8,10,8,9,0,1,26,17,61,25,16,45,1,1,16,10,94,10,76,0,18
2017,22,227,1.180,33,3,191,37,154,2392.210,37,22,58,46,28,29,162,160,31,26,5,115,76,101,59,14,17,13,13,1,4,62,27,102,59,27,74,3,0,28,23,168,21,139,2,29
2017,23,472,4.070,83,2,387,64,323,2035,63,43,165,92,24,109,278,341,46,40,6,255,132,228,113,27,19,25,15,2,4,137,48,202,134,47,160,3,1,42,49,338,49,292,0,46
2017,24,248,1.040,37,1,210,40,170,2675.940,40,11,70,57,32,39,171,184,26,22,4,117,93,106,78,11,15,11,11,0,4,65,43,102,64,42,78,1,1,24,31,179,29,155,2,24
2017,25,1276,6.180,193,17,1066,135,931,1836.750,133,156,478,211,88,210,856,939,127,115,12,603,463,544,395,59,68,56,59,3,9,250,150,666,241,149,549,9,1,117,146,920,140,799,6,121
2017,26,299,6.960,50,6,243,40,203,2000,39,23,109,47,25,62,181,219,24,21,3,136,107,125,94,11,13,11,10,0,3,59,34,150,56,34,129,3,0,21,32,211,30,189,2,22
2017,27,299,5.340,44,2,253,43,210,1737.500,39,49,105,38,22,35,218,226,27,23,4,145,108,137,89,8,19,7,16,1,3,75,31,147,74,31,121,1,0,26,26,227,26,200,0,27
2017,28,330,1.680,27,7,296,44,252,2914.050,44,32,70,97,53,13,283,257,39,26,13,149,147,135,122,14,25,11,15,3,10,84,49,163,82,48,127,2,1,36,44,252,43,214,1,38
2017,29,515,5.670,79,2,434,71,363,2020,68,52,168,105,41,104,330,380,54,41,13,281,153,253,127,28,26,23,18,5,8,125,50,259,120,50,210,5,0,49,60,374,56,324,4,50
2017,30,315,2.590,58,2,255,94,161,1800,90,28,88,37,12,104,151,227,28,23,5,169,86,155,72,14,14,12,11,2,3,76,29,150,76,29,122,0,0,28,26,229,26,201,0,28
2017,31,156,1.780,13,2,141,46,95,2250,44,21,36,26,14,41,100,123,18,12,6,81,60,75,48,6,12,5,7,1,5,37,18,86,37,18,68,0,0,18,12,129,12,111,0,18
2017,32,256,2.070,16,3,237,24,213,3911.810,23,6,49,73,86,2,235,194,43,42,1,128,109,101,93,27,16,27,15,0,1,64,49,124,61,49,84,3,0,40,51,186,46,148,5,38
2017,33,224,3.350,13,1,210,16,194,3426.440,16,16,63,53,62,8,202,186,24,22,2,107,103,95,91,12,12,12,10,0,2,59,48,103,59,46,81,0,2,22,30,180,27,159,3,21
2017,34,18,0.520,1,0,17,2,15,2510.790,2,3,4,3,5,2,15,13,4,4,0,11,6,9,4,2,2,2,2,0,0,5,2,10,5,2,6,0,0,4,2,15,2,11,0,4
2017,35,307,3.700,21,4,282,27,255,1555.430,27,42,145,52,16,13,269,255,27,20,7,137,145,124,131,13,14,11,9,2,5,74,66,142,74,66,115,0,0,27,36,246,36,219,0,27
2017,36,181,6.890,19,4,158,3,155,2167.020,4,26,59,48,21,2,156,143,15,12,3,88,70,83,60,5,10,5,7,0,3,65,50,43,64,50,29,1,0,14,20,138,20,123,0,15
2017,37,37,4.670,7,0,30,6,24,1919.940,7,3,14,4,2,7,23,26,4,3,1,18,12,15,11,3,1,3,0,0,1,9,6,15,7,6,13,2,0,2,2,28,2,24,0,4
2017,38,425,4.900,31,2,392,45,347,2610,44,41,124,123,60,32,360,334,58,50,8,202,190,176,158,26,32,25,25,1,7,99,68,225,97,66,171,2,2,54,51,341,48,286,3,55
2017,39,328,4.690,24,2,302,17,285,2474.270,17,27,116,108,34,3,299,266,36,34,2,143,159,127,139,16,20,16,18,0,2,65,61,176,64,61,141,1,0,35,40,262,39,227,1,35
2017,40,322,7.140,25,5,292,29,263,2074.750,31,25,132,70,34,50,242,269,23,18,5,194,98,184,85,10,13,8,10,2,3,84,33,175,84,33,152,0,0,23,53,239,52,217,1,22
2017,41,254,2.760,12,2,240,15,225,2378,15,32,88,74,31,5,235,201,39,37,2,143,97,120,81,23,16,23,14,0,2,74,47,119,72,47,82,2,0,37,29,211,28,173,1,38
2017,42,462,5.560,36,6,420,46,374,2048.490,44,61,176,111,28,46,374,377,43,36,7,221,199,205,172,16,27,13,23,3,4,95,71,254,94,71,212,1,0,42,47,373,46,331,1,42
2017,43,1740,8.580,126,14,1600,187,1413,1986.500,186,174,695,399,146,139,1461,1412,188,167,21,989,611,897,515,92,96,85,82,7,14,435,199,966,426,196,790,9,3,176,253,1347,242,1170,11,177
2017,44,695,7.560,62,7,626,64,562,1970.570,59,50,308,162,47,81,545,551,75,71,4,385,241,348,203,37,38,36,35,1,3,173,76,377,167,75,309,6,1,68,87,539,85,466,2,73
2017,45,73,4.870,7,0,66,11,55,1700,11,10,28,11,6,11,55,60,6,5,1,45,21,42,18,3,3,3,2,0,1,10,9,47,9,9,42,1,0,5,10,56,10,50,0,6
2017,46,429,6.470,40,7,382,55,327,2255,49,33,147,106,47,111,271,343,39,38,1,258,124,236,107,22,17,21,17,1,0,116,48,218,114,46,183,2,2,35,59,323,58,285,1,38
2017,47,18,3.100,4,0,14,2,12,4211.450,2,2,2,4,4,3,11,13,1,1,0,11,3,11,2,0,1,0,1,0,0,4,0,10,4,0,9,0,0,1,2,12,2,11,0,1
2017,48,62,4.370,18,0,44,5,39,2400,5,3,17,14,5,11,33,34,10,8,2,22,22,17,17,5,5,4,4,1,1,5,6,33,5,6,23,0,0,10,3,41,3,31,0,10
2017,49,407,5.640,82,1,324,48,276,1950,46,27,135,81,35,123,201,290,34,31,3,203,121,184,106,19,15,17,14,2,1,100,43,181,98,43,149,2,0,32,51,273,49,241,2,32
2017,50,87,4.870,5,0,82,7,75,1037.500,6,37,25,13,1,17,65,74,8,7,1,40,42,37,37,3,5,3,4,0,1,26,21,35,26,21,27,0,0,8,13,69,13,61,0,8
2017,51,97,4.520,21,1,75,23,52,1927.970,23,10,24,14,4,17,58,63,12,12,0,50,25,45,18,5,7,5,7,0,0,27,7,41,26,7,30,1,0,11,12,63,12,51,0,12
2017,52,59,2.530,11,0,48,12,36,1758,12,7,15,10,4,16,32,39,9,9,0,34,14,26,13,8,1,8,1,0,0,13,4,31,13,4,22,0,0,9,9,39,8,31,1,8
2017,53,261,7.010,54,3,204,40,164,2612.500,36,15,65,59,29,66,138,181,23,20,3,132,72,119,62,13,10,11,9,2,1,60,24,120,60,22,99,0,2,21,29,175,27,154,2,21
2017,54,173,7.510,1,2,170,14,156,1815.020,14,39,62,38,17,8,162,159,11,3,8,119,51,116,43,3,8,2,1,1,7,83,16,71,82,16,61,1,0,10,28,142,27,132,1,10
2017,55,39,3.540,2,0,37,4,33,2754.360,3,2,13,17,2,6,31,29,8,8,0,29,8,23,6,6,2,6,2,0,0,15,4,18,15,4,10,0,0,8,8,29,8,21,0,8
2017,56,46,1.910,5,1,40,8,32,3200,8,3,11,7,11,10,30,34,6,6,0,24,16,21,13,3,3,3,3,0,0,11,6,23,11,6,17,0,0,6,7,33,7,27,0,6
2017,57,39,2.060,5,0,34,15,19,1600,13,6,10,4,1,9,25,25,9,8,1,17,17,12,13,5,4,5,3,0,1,9,2,23,7,2,16,2,0,7,3,31,3,22,0,9
2017,58,183,2.770,38,4,141,30,111,1785,27,24,53,31,6,41,100,126,15,15,0,74,67,67,59,7,8,7,8,0,0,34,28,79,33,28,65,1,0,14,15,126,15,111,0,15
2017,59,56,2.330,7,0,49,10,39,2085,10,12,13,11,3,15,34,40,9,7,2,24,25,21,19,3,6,3,4,0,2,12,7,30,12,7,21,0,0,9,3,46,2,38,1,8
2017,60,88,1.230,12,1,75,15,60,2552.280,13,7,23,24,8,18,57,64,11,10,1,47,28,43,21,4,7,4,6,0,1,22,13,40,21,12,31,1,1,9,8,67,7,57,1,10
2017,61,337,3.880,53,2,282,54,228,1892.500,48,44,111,45,34,112,170,247,35,29,6,190,92,168,79,22,13,18,11,4,2,79,37,166,76,37,134,3,0,32,41,241,40,207,1,34
2017,62,40,2.510,10,0,30,4,26,2132.670,4,2,14,6,4,7,23,28,2,2,0,16,14,15,13,1,1,1,1,0,0,8,2,20,7,2,19,1,0,1,1,29,0,28,1,1
2017,63,149,3.090,31,0,118,26,92,2025,24,10,50,23,11,27,91,105,13,13,0,77,41,71,34,6,7,6,7,0,0,33,9,76,33,9,63,0,0,13,16,102,15,90,1,12
2017,64,76,2.590,10,0,66,12,54,2942.330,12,1,20,24,9,8,58,59,7,7,0,33,33,32,27,1,6,1,6,0,0,19,8,39,19,8,32,0,0,7,7,59,7,52,0,7
2017,65,101,3.730,23,0,78,18,60,2675,18,8,21,15,16,18,60,69,9,8,1,48,30,42,27,6,3,6,2,0,1,21,10,47,20,10,39,1,0,8,6,72,6,63,0,9
2017,66,545,5.390,60,5,480,57,423,1800,57,87,185,110,41,84,396,427,53,45,8,303,177,275,152,28,25,27,18,1,7,134,53,293,134,53,240,0,0,53,62,418,61,366,1,52
2017,67,354,6.250,74,3,277,66,211,2437.500,65,31,77,81,23,101,176,244,33,31,2,169,108,152,92,17,16,17,14,0,2,82,43,152,80,41,123,2,2,29,23,254,23,221,0,33
2017,68,472,6.090,59,0,413,53,360,2074.920,48,60,162,86,57,131,282,366,47,43,4,272,141,240,126,32,15,30,13,2,2,120,50,243,117,50,199,3,0,44,53,360,52,314,1,46
2017,69,632,7.030,79,2,551,90,461,1835,90,55,256,111,39,91,460,490,61,55,6,354,197,326,164,28,33,27,28,1,5,162,67,322,157,65,268,5,2,54,88,463,85,405,3,58
2017,70,109,4.920,23,0,86,17,69,2836.500,16,7,25,24,14,11,75,72,14,13,1,42,44,38,34,4,10,4,9,0,1,18,12,56,17,10,45,1,2,11,12,74,12,60,0,14
2017,71,632,5.830,79,3,550,48,502,1800,42,49,303,109,47,124,426,487,63,57,6,343,207,313,174,30,33,28,29,2,4,130,68,352,126,66,295,4,2,57,76,474,72,415,4,59
2017,72,52,3.360,4,0,48,13,35,2661.950,13,2,14,15,4,2,46,37,11,10,1,29,19,22,15,7,4,7,3,0,1,13,5,30,11,5,21,2,0,9,8,40,8,29,0,11
2017,73,162,4.910,38,1,123,21,102,2149.500,19,8,53,27,16,28,95,107,16,15,1,78,45,72,35,6,10,6,9,0,1,40,14,69,39,14,54,1,0,15,15,108,14,93,1,15
2017,74,31,3.070,4,0,27,3,24,2615.190,3,0,9,11,4,1,26,21,6,5,1,20,7,16,5,4,2,4,1,0,1,13,3,11,12,3,6,1,0,5,8,19,7,14,1,5
2017,75,88,3.330,19,1,68,9,59,2775,9,4,22,26,7,20,48,56,12,12,0,34,34,28,28,6,6,6,6,0,0,16,17,35,15,17,24,1,0,11,5,63,5,51,0,12
2017,76,59,1.590,5,0,54,9,45,2800,9,4,14,15,12,6,48,45,9,9,0,25,29,19,26,6,3,6,3,0,0,11,12,31,11,12,22,0,0,9,5,49,4,41,1,8
2017,77,375,1.830,37,3,335,114,221,2607.380,112,25,77,79,42,5,330,310,25,20,5,172,163,161,149,11,14,9,11,2,3,106,75,154,103,74,133,3,1,21,39,296,37,273,2,23
